DrugBank ID,Similar Structure
DB00007,"['DB00007', ' DB06825', ' DB11510', ' DB00666', ' DB18169', ' DB06719', ' DB00644', ' DB04931', ' DB06788', ' DB14027', ' DB05479', ' DB15314', ' DB15194', ' DB01284', ' DB13298', ' DB15687', ' DB00014', ' DB11724', ' DB13928', ' DB14803', ' DB15272', ' DB17938', ' DB12199', ' DB11700', ' DB16013', ' DB14786', ' DB06610', ' DB14777', ' DB11720', ' DB16146']"
DB00014,"['DB00014', ' DB06719', ' DB00644', ' DB00007', ' DB06825', ' DB11510', ' DB00666', ' DB04931', ' DB18169', ' DB13298', ' DB05479', ' DB15314', ' DB14027', ' DB01284', ' DB06788', ' DB15687', ' DB15194', ' DB14803', ' DB13928', ' DB11700', ' DB11724', ' DB11975', ' DB15272', ' DB13742', ' DB16146', ' DB01278', ' DB12631', ' DB05724', ' DB14786', ' DB06763']"
DB00035,"['DB00035', ' DB14642', ' DB13798', ' DB00067', ' DB09059', ' DB15195', ' DB12495', ' DB08890', ' DB05034', ' DB06283', ' DB01278', ' DB05724', ' DB00006', ' DB01282', ' DB08861', ' DB15231', ' DB15355', ' DB17352', ' DB05660', ' DB03632', ' DB16152']"
DB00067,"['DB00067', ' DB14642', ' DB00035', ' DB13798', ' DB12495', ' DB09059', ' DB15195', ' DB08890', ' DB06283', ' DB05034', ' DB01278', ' DB01282', ' DB04697']"
DB00125,"['DB00125', ' DB04027', ' DB11815', ' DB03144', ' DB02302', ' DB13207', ' DB15993', ' DB02644', ' DB03305', ' DB04223', ' DB03974', ' DB03953']"
DB00180,"['DB00180', ' DB14662', ' DB00591', ' DB01047', ' DB18738', ' DB00846', ' DB01260', ' DB08973', ' DB14673', ' DB01222', ' DB00288', ' DB01410', ' DB14637', ' DB14657', ' DB15835', ' DB15777', ' DB15821', ' DB06786', ' DB06781', ' DB01384', ' DB09378', ' DB14664', ' DB12553', ' DB01130', ' DB08971', ' DB14652', ' DB13223', ' DB12322', ' DB00223', ' DB00663']"
DB00182,"['DB00182', ' DB01576', ' DB00191', ' DB02972', ' DB09250', ' DB01577', ' DB09571', ' DB04484', ' DB01365', ' DB13285', ' DB04325', ' DB01560', ' DB07910', ' DB00752', ' DB02665', ' DB09352', ' DB04410', ' DB00397', ' DB01486']"
DB00187,"['DB00187', ' DB00264', ' DB00335', ' DB06987', ' DB13443']"
DB00191,"['DB00191', ' DB00182', ' DB01576', ' DB01365', ' DB02972', ' DB09250', ' DB01577', ' DB09571', ' DB01556', ' DB04484', ' DB00752', ' DB02665', ' DB13285']"
DB00193,"['DB00193', ' DB16100', ' DB00505', ' DB00376', ' DB00387', ' DB00942']"
DB00195,"['DB00195', ' DB09351', ' DB00264', ' DB00335', ' DB06987', ' DB13443']"
DB00211,['DB00211']
DB00214,['DB00214']
DB00221,"['DB00221', ' DB01064', ' DB13559', ' DB01288', ' DB06707', ' DB01102', ' DB06814', ' DB00867', ' DB00668', ' DB06152', ' DB00816', ' DB11610', ' DB08957', ' DB00871', ' DB00610', ' DB08985']"
DB00223,"['DB00223', ' DB00663', ' DB09095', ' DB12553', ' DB00596', ' DB01384', ' DB09378', ' DB00443', ' DB01234', ' DB11522', ' DB13491', ' DB00324', ' DB08971', ' DB13728', ' DB00620', ' DB08970', ' DB13223', ' DB00547', ' DB14664', ' DB11750', ' DB06781', ' DB13867', ' DB14637', ' DB14657', ' DB14640', ' DB14649', ' DB15777', ' DB15821', ' DB00687', ' DB14669']"
DB00232,"['DB00232', ' DB01021', ' DB08645', ' DB01324', ' DB15861', ' DB13430', ' DB13532', ' DB13989', ' DB00999', ' DB00606']"
DB00240,"['DB00240', ' DB00764', ' DB00860', ' DB00959', ' DB14221', ' DB00838', ' DB00394', ' DB13208', ' DB00896', ' DB13856', ' DB15970', ' DB14652', ' DB14631']"
DB00253,"['DB00253', ' DB04652', ' DB04630', ' DB00741', ' DB13710', ' DB13230', ' DB14570', ' DB00624', ' DB01471', ' DB01543', ' DB01564', ' DB05830', ' DB06710', ' DB07768', ' DB11429', ' DB12787', ' DB13169', ' DB13533', ' DB14093', ' DB18000', ' DB09091', ' DB14584', ' DB01481', ' DB01572', ' DB01485', ' DB01500', ' DB01540', ' DB00367', ' DB00717', ' DB09389']"
DB00264,"['DB00264', ' DB00195', ' DB09351', ' DB00335', ' DB06987', ' DB13443', ' DB00187', ' DB00612', ' DB13777', ' DB00866']"
DB00288,"['DB00288', ' DB18737', ' DB01047', ' DB01410', ' DB00591', ' DB14662', ' DB01222', ' DB00180', ' DB01260', ' DB14673', ' DB14640', ' DB14649', ' DB01130', ' DB06781', ' DB14634', ' DB06786', ' DB01013', ' DB00846', ' DB14664', ' DB13664', ' DB15835', ' DB14643', ' DB12322', ' DB08973', ' DB00620', ' DB14637', ' DB14657', ' DB14632', ' DB11487', ' DB15999']"
DB00295,"['DB00295', ' DB00318', ' DB01477', ' DB01466', ' DB11490', ' DB09209', ' DB01573', ' DB01480', ' DB01497', ' DB01568', ' DB01469', ' DB01452', ' DB01565', ' DB01512', ' DB01551', ' DB00844', ' DB06409', ' DB15341', ' DB00921', ' DB01450', ' DB01548', ' DB14146', ' DB06230', ' DB16072', ' DB16117', ' DB13454', ' DB09049', ' DB00704', ' DB01192', ' DB06800']"
DB00310,"['DB00310', ' DB08046']"
DB00311,"['DB00311', ' DB08765']"
DB00324,"['DB00324', ' DB00443', ' DB01234', ' DB11522', ' DB13491', ' DB00547', ' DB00620', ' DB08970', ' DB11750', ' DB00223', ' DB00663', ' DB09095', ' DB12553', ' DB14640', ' DB14649', ' DB00596', ' DB14669', ' DB00687', ' DB01384', ' DB09378', ' DB08971', ' DB13158', ' DB14634', ' DB00860', ' DB00959', ' DB13223', ' DB13728', ' DB01185', ' DB14664', ' DB00896']"
DB00327,"['DB00327', ' DB00956', ' DB00704', ' DB01192', ' DB06800', ' DB00497', ' DB01183', ' DB04509', ' DB01531', ' DB01565', ' DB01551', ' DB06230', ' DB01512', ' DB00844', ' DB00921', ' DB01450', ' DB01548', ' DB16072', ' DB15341', ' DB16117', ' DB14146', ' DB01538', ' DB09049', ' DB01480', ' DB01497', ' DB00295', ' DB00318', ' DB13471', ' DB01477', ' DB01466']"
DB00333,"['DB00333', ' DB13515', ' DB15198', ' DB01491', ' DB11609', ' DB15597', ' DB13436', ' DB13361', ' DB01498']"
DB00335,"['DB00335', ' DB06987', ' DB13443', ' DB00264', ' DB00187', ' DB00195', ' DB09351']"
DB00357,"['DB00357', ' DB01437', ' DB13413', ' DB08997']"
DB00368,"['DB00368', ' DB00668', ' DB13378', ' DB06707', ' DB00988', ' DB01064', ' DB13251', ' DB00388', ' DB08985', ' DB08957', ' DB00610', ' DB13494', ' DB13917', ' DB09203']"
DB00373,['DB00373']
DB00384,"['DB00384', ' DB05552']"
DB00394,"['DB00394', ' DB14221', ' DB14643', ' DB14632', ' DB15999', ' DB14653', ' DB14633', ' DB14644', ' DB14652', ' DB15566', ' DB00240', ' DB00764', ' DB01130', ' DB14538', ' DB14543', ' DB01013', ' DB14540', ' DB14544', ' DB01410', ' DB06781', ' DB14512', ' DB14637', ' DB14657', ' DB14640', ' DB14649', ' DB14541', ' DB14625', ' DB14646', ' DB15777', ' DB14545']"
DB00421,"['DB00421', ' DB08804', ' DB13943', ' DB13944', ' DB13946', ' DB16001', ' DB16002', ' DB16141', ' DB01395']"
DB00422,"['DB00422', ' DB06701']"
DB00436,"['DB00436', ' DB00774', ' DB08303', ' DB15861', ' DB13430', ' DB13532']"
DB00443,"['DB00443', ' DB01234', ' DB11522', ' DB13491', ' DB00324', ' DB00620', ' DB00547', ' DB08970', ' DB11750', ' DB00223', ' DB00663', ' DB09095', ' DB12553', ' DB14640', ' DB14649', ' DB14669', ' DB00687', ' DB01384', ' DB09378', ' DB00596', ' DB14634', ' DB00860', ' DB00959', ' DB08971', ' DB13728', ' DB13158', ' DB13223', ' DB01185', ' DB13208', ' DB14664']"
DB00449,"['DB00449', ' DB13316', ' DB00901']"
DB00454,"['DB00454', ' DB01505', ' DB01081', ' DB01475', ' DB13605', ' DB01518', ' DB08988', ' DB00913', ' DB01464', ' DB01501']"
DB00460,"['DB00460', ' DB04980', ' DB06659', ' DB04506', ' DB02133', ' DB01853']"
DB00470,"['DB00470', ' DB11755', ' DB14011', ' DB06444', ' DB12193', ' DB18537', ' DB18539', ' DB18540', ' DB18541', ' DB18542', ' DB00486']"
DB00475,"['DB00475', ' DB16062']"
DB00481,['DB00481']
DB00486,"['DB00486', ' DB06444', ' DB00470', ' DB11755', ' DB12193', ' DB07933', ' DB14011']"
DB00489,['DB00489']
DB00497,"['DB00497', ' DB00704', ' DB01192', ' DB06800', ' DB01183', ' DB04509', ' DB00956', ' DB00327', ' DB06230', ' DB01512', ' DB00844', ' DB14146', ' DB15341', ' DB01551', ' DB09049', ' DB01565', ' DB01531', ' DB16117', ' DB16072', ' DB00921', ' DB01450', ' DB01548', ' DB01538', ' DB13471', ' DB01480', ' DB01497', ' DB01469', ' DB00318', ' DB01477', ' DB01466']"
DB00521,"['DB00521', ' DB17770']"
DB00524,"['DB00524', ' DB13708', ' DB01325']"
DB00539,"['DB00539', ' DB00675', ' DB04468', ' DB04938', ' DB06640', ' DB15641', ' DB00882', ' DB06735']"
DB00547,"['DB00547', ' DB00324', ' DB00443', ' DB01234', ' DB11522', ' DB13491', ' DB00620', ' DB08970', ' DB11750', ' DB09095', ' DB00223', ' DB00663', ' DB12553', ' DB14640', ' DB14649', ' DB00596', ' DB08971', ' DB14669', ' DB00687', ' DB13158', ' DB01384', ' DB09378', ' DB00896', ' DB00860', ' DB00959', ' DB13223', ' DB14634', ' DB14664', ' DB13728', ' DB01185']"
DB00561,"['DB00561', ' DB01529', ' DB13413', ' DB04896', ' DB08918']"
DB00562,['DB00562']
DB00571,"['DB00571', ' DB03322', ' DB13777']"
DB00574,"['DB00574', ' DB01191']"
DB00579,['DB00579']
DB00588,"['DB00588', ' DB13867', ' DB06781', ' DB08906', ' DB14664', ' DB12322', ' DB01013', ' DB18737', ' DB15777', ' DB14637', ' DB14657', ' DB01047', ' DB15821', ' DB14640', ' DB14649', ' DB00591', ' DB00223', ' DB00663', ' DB14634', ' DB09095', ' DB00596']"
DB00591,"['DB00591', ' DB01047', ' DB18738', ' DB00180', ' DB14662', ' DB00288', ' DB00846', ' DB14673', ' DB06781', ' DB01260', ' DB06786', ' DB08973', ' DB14664', ' DB01222', ' DB12553', ' DB01410', ' DB12322', ' DB00223', ' DB00663', ' DB14637', ' DB14657', ' DB14640', ' DB14649', ' DB09095', ' DB15835', ' DB00596', ' DB15777', ' DB14634', ' DB13728', ' DB15821']"
DB00594,['DB00594']
DB00596,"['DB00596', ' DB00223', ' DB00663', ' DB09095', ' DB11750', ' DB12553', ' DB13728', ' DB01384', ' DB09378', ' DB00324', ' DB08971', ' DB00443', ' DB01234', ' DB11522', ' DB13491', ' DB13223', ' DB00547', ' DB14664', ' DB08970', ' DB00838', ' DB00620', ' DB13158', ' DB13867', ' DB01013', ' DB06781', ' DB14637', ' DB14657', ' DB14652', ' DB15777', ' DB15821']"
DB00598,"['DB00598', ' DB11541']"
DB00606,"['DB00606', ' DB13430', ' DB13532', ' DB15861', ' DB01021', ' DB08645', ' DB08303', ' DB00232', ' DB13989']"
DB00610,"['DB00610', ' DB06707', ' DB13378', ' DB13703', ' DB00368', ' DB00388', ' DB00397', ' DB01486', ' DB00221', ' DB00723', ' DB06262', ' DB08985']"
DB00612,"['DB00612', ' DB00264', ' DB13777']"
DB00620,"['DB00620', ' DB00443', ' DB01234', ' DB11522', ' DB13491', ' DB00324', ' DB08970', ' DB00547', ' DB12553', ' DB11750', ' DB00223', ' DB00663', ' DB09095', ' DB14640', ' DB14649', ' DB14669', ' DB00687', ' DB01384', ' DB09378', ' DB00596', ' DB14634', ' DB00860', ' DB00959', ' DB13728', ' DB08971', ' DB13158', ' DB13223', ' DB14664', ' DB13208', ' DB01185']"
DB00621,"['DB00621', ' DB14655', ' DB13951', ' DB08510', ' DB14665']"
DB00624,"['DB00624', ' DB01471', ' DB01543', ' DB01564', ' DB05830', ' DB06710', ' DB07768', ' DB11429', ' DB12787', ' DB13169', ' DB13533', ' DB14093', ' DB13710', ' DB13230', ' DB14570', ' DB01481', ' DB01572', ' DB00253', ' DB18000', ' DB00367', ' DB00717', ' DB09389', ' DB14584', ' DB04652', ' DB01485', ' DB01500', ' DB01540', ' DB04630', ' DB00741', ' DB13089']"
DB00635,"['DB00635', ' DB09383', ' DB12952', ' DB00860', ' DB00959', ' DB00896', ' DB15970', ' DB14681', ' DB13208', ' DB14625', ' DB14646', ' DB01541', ' DB13586', ' DB15114', ' DB12081', ' DB07373', ' DB12194', ' DB01569', ' DB13158', ' DB13230', ' DB14570', ' DB00547']"
DB00644,"['DB00644', ' DB00007', ' DB06825', ' DB11510', ' DB00666', ' DB18169', ' DB06719', ' DB00014', ' DB04931', ' DB06788', ' DB14027', ' DB15194', ' DB05479', ' DB15314', ' DB11700', ' DB01284', ' DB13298', ' DB15687', ' DB13928', ' DB14803', ' DB11724', ' DB06763', ' DB12631', ' DB14777', ' DB15272', ' DB17938', ' DB12199', ' DB14786', ' DB16013', ' DB16146']"
DB00652,"['DB00652', ' DB00504', ' DB13606', ' DB00854', ' DB14682', ' DB00514', ' DB13810', ' DB00611']"
DB00663,"['DB00223', ' DB00663', ' DB09095', ' DB12553', ' DB00596', ' DB01384', ' DB09378', ' DB00443', ' DB01234', ' DB11522', ' DB13491', ' DB00324', ' DB08971', ' DB13728', ' DB00620', ' DB08970', ' DB13223', ' DB00547', ' DB14664', ' DB11750', ' DB06781', ' DB13867', ' DB14637', ' DB14657', ' DB14640', ' DB14649', ' DB15777', ' DB15821', ' DB00687', ' DB14669']"
DB00666,"['DB00666', ' DB00007', ' DB06825', ' DB11510', ' DB18169', ' DB06719', ' DB00644', ' DB04931', ' DB06788', ' DB14027', ' DB05479', ' DB15314', ' DB15194', ' DB01284', ' DB13298', ' DB15687', ' DB00014', ' DB11724', ' DB13928', ' DB14803', ' DB15272', ' DB11700', ' DB17938', ' DB12199', ' DB16013', ' DB14786', ' DB06610', ' DB14777', ' DB11720', ' DB16146']"
DB00668,"['DB00668', ' DB01064', ' DB00368', ' DB00388', ' DB08985', ' DB08957', ' DB13494', ' DB09203', ' DB13917', ' DB13378', ' DB01102', ' DB00816', ' DB00871', ' DB06707', ' DB00221', ' DB01288', ' DB00988', ' DB13206', ' DB11610', ' DB13251']"
DB00675,"['DB00675', ' DB04468', ' DB00539', ' DB15641', ' DB04938', ' DB00882', ' DB06735', ' DB06640']"
DB00687,"['DB00687', ' DB01185', ' DB00443', ' DB01234', ' DB11522', ' DB13491', ' DB00324', ' DB00620', ' DB08970', ' DB00547', ' DB00223', ' DB00663', ' DB00741', ' DB13610', ' DB12553', ' DB09095', ' DB11750', ' DB04652', ' DB14640', ' DB14649', ' DB04630', ' DB01384', ' DB09378', ' DB09091', ' DB00253', ' DB00596', ' DB13728']"
DB00695,['DB00695']
DB00700,"['DB00700', ' DB08547', ' DB14544', ' DB14543', ' DB14540', ' DB14538', ' DB14545', ' DB14541', ' DB02329', ' DB08308', ' DB08619', ' DB01395', ' DB04376', ' DB06789', ' DB14677', ' DB08804', ' DB13943', ' DB13944', ' DB13946', ' DB16001', ' DB16002', ' DB16141', ' DB14539', ' DB17045', ' DB13185', ' DB01420', ' DB13640']"
DB00703,['DB00703']
DB00708,"['DB00708', ' DB09180', ' DB09179', ' DB01439', ' DB09170', ' DB01470', ' DB01535', ' DB15360', ' DB09174']"
DB00714,"['DB00714', ' DB16927', ' DB17202']"
DB00723,"['DB00723', ' DB01467', ' DB01465', ' DB01528', ' DB00610']"
DB00741,"['DB00741', ' DB04652', ' DB04630', ' DB00253', ' DB09091', ' DB13230', ' DB14570', ' DB13710', ' DB18000', ' DB00624', ' DB01471', ' DB01543', ' DB01564', ' DB05830', ' DB06710', ' DB07768', ' DB11429', ' DB12787', ' DB13169', ' DB13533', ' DB14093', ' DB14584', ' DB14681', ' DB01485', ' DB01500', ' DB01540', ' DB00860', ' DB00959', ' DB14539', ' DB16935']"
DB00742,"['DB00742', ' DB01638', ' DB02399', ' DB03815', ' DB03106', ' DB13178', ' DB15350', ' DB15908', ' DB11195', ' DB14704', ' DB14108', ' DB04079']"
DB00745,"['DB00745', ' DB06413', ' DB08925']"
DB00764,"['DB00764', ' DB00240', ' DB00838', ' DB14221', ' DB00394', ' DB00860', ' DB00959', ' DB13208', ' DB00896', ' DB11750', ' DB14652', ' DB13856']"
DB00774,"['DB00774', ' DB00436', ' DB00999']"
DB00802,"['DB00802', ' DB09172', ' DB09181']"
DB00808,"['DB00808', ' DB07467']"
DB00813,"['DB00813', ' DB09173', ' DB01557', ' DB09171', ' DB01571', ' DB01532', ' DB01453', ' DB09177', ' DB09178', ' DB09169', ' DB01570', ' DB13653', ' DB09179', ' DB09182', ' DB09180', ' DB01439', ' DB01470', ' DB09168']"
DB00816,"['DB00816', ' DB00871', ' DB08985', ' DB01064', ' DB00388', ' DB01288', ' DB00668', ' DB13378', ' DB13494', ' DB00221', ' DB08957']"
DB00819,['DB00819']
DB00830,"['DB00830', ' DB01579']"
DB00838,"['DB00838', ' DB14652', ' DB14653', ' DB08971', ' DB13856', ' DB13223', ' DB01384', ' DB09378', ' DB00596', ' DB00764', ' DB00240', ' DB09095', ' DB00223', ' DB00663', ' DB12553', ' DB15777', ' DB15821', ' DB14637', ' DB14657', ' DB13728', ' DB11750', ' DB14664', ' DB00394', ' DB08973', ' DB14221']"
DB00841,"['DB00841', ' DB12313', ' DB11541', ' DB06618']"
DB00846,"['DB00846', ' DB14673', ' DB00180', ' DB14662', ' DB00591', ' DB06786', ' DB01047', ' DB18738', ' DB01260', ' DB00288', ' DB01222', ' DB08973', ' DB01410', ' DB14637', ' DB14657']"
DB00852,"['DB00852', ' DB01364', ' DB14752', ' DB11278', ' DB11587', ' DB00397', ' DB01486', ' DB11610', ' DB00867', ' DB01577', ' DB09571', ' DB15902']"
DB00858,"['DB00858', ' DB02854', ' DB02901', ' DB05087', ' DB07447', ' DB11859', ' DB12308', ' DB12972', ' DB13587', ' DB11371', ' DB06622', ' DB08956', ' DB02817', ' DB16260', ' DB03619', ' DB01586', ' DB02659', ' DB05990', ' DB06777', ' DB11789', ' DB11622', ' DB18044', ' DB16870', ' DB01530', ' DB01561', ' DB03882', ' DB03926', ' DB04693', ' DB07375', ' DB07557']"
DB00860,"['DB00860', ' DB00959', ' DB13208', ' DB00896', ' DB00635', ' DB09383', ' DB12952', ' DB01569', ' DB00741', ' DB15114', ' DB00443', ' DB01234', ' DB11522', ' DB13491', ' DB15566', ' DB00240', ' DB00324', ' DB01384', ' DB09378', ' DB14631', ' DB00547', ' DB01541', ' DB13586', ' DB00873', ' DB12081', ' DB04652', ' DB00620', ' DB14632', ' DB04630', ' DB15999']"
DB00865,"['DB00865', ' DB13561']"
DB00866,"['DB00866', ' DB01359', ' DB00264']"
DB00867,"['DB00867', ' DB11610', ' DB06152', ' DB01288', ' DB11541', ' DB08954', ' DB13206', ' DB11587', ' DB00221', ' DB08941', ' DB00852', ' DB01364', ' DB09203', ' DB14752', ' DB11278', ' DB01064']"
DB00869,"['DB00869', ' DB04081']"
DB00871,"['DB00871', ' DB00816', ' DB08985', ' DB01064', ' DB00388', ' DB01288', ' DB00668', ' DB13378', ' DB13494', ' DB00221', ' DB08957']"
DB00872,['DB00872']
DB14596,"['DB14596', ' DB01130', ' DB00873', ' DB05442', ' DB01410', ' DB01260', ' DB01222']"
DB00880,['DB00880']
DB00882,"['DB00882', ' DB06735', ' DB00269', ' DB00675', ' DB04468', ' DB00539']"
DB00883,"['DB00883', ' DB01020']"
DB00887,"['DB00887', ' DB02925']"
DB00894,"['DB00894', ' DB14639', ' DB08804', ' DB13943', ' DB13944', ' DB13946', ' DB16001', ' DB16002', ' DB16141', ' DB15999', ' DB14643', ' DB14632', ' DB15566', ' DB01395', ' DB01420', ' DB14633', ' DB14644', ' DB13640', ' DB08308', ' DB08619', ' DB00873', ' DB14678', ' DB13958', ' DB02329', ' DB14625', ' DB14646', ' DB06789', ' DB14677', ' DB13185', ' DB05442']"
DB00896,"['DB00896', ' DB00860', ' DB00959', ' DB13208', ' DB01541', ' DB13586', ' DB00635', ' DB09383', ' DB12952', ' DB01569', ' DB07373', ' DB12194', ' DB00253', ' DB15114', ' DB00547', ' DB04652', ' DB04630', ' DB00873', ' DB00324', ' DB08971', ' DB12081', ' DB00443', ' DB01234', ' DB11522', ' DB13491', ' DB15566', ' DB00741', ' DB00240', ' DB00764', ' DB13223']"
DB00899,"['DB00899', ' DB01535', ' DB15360', ' DB09174']"
DB00901,"['DB00901', ' DB00449']"
DB00903,['DB00903']
DB00907,"['DB00907', ' DB01515']"
DB00921,"['DB00921', ' DB01450', ' DB01548', ' DB16072', ' DB01565', ' DB01551', ' DB01512', ' DB01538', ' DB00844', ' DB14146', ' DB16117', ' DB09049', ' DB01531', ' DB15341', ' DB01480', ' DB01497', ' DB01469', ' DB06230', ' DB00497', ' DB00704', ' DB01192', ' DB06800', ' DB00956', ' DB00327', ' DB00318', ' DB00295', ' DB01477', ' DB01466', ' DB01183', ' DB04509']"
DB00937,"['DB00937', ' DB15339', ' DB13108', ' DB01560', ' DB13285']"
DB00938,"['DB00938', ' DB09082', ' DB01001', ' DB13139']"
DB00947,"['DB00947', ' DB15690', ' DB00783', ' DB04573', ' DB07702', ' DB07706', ' DB00977']"
DB00959,"['DB00860', ' DB00959', ' DB13208', ' DB00896', ' DB00635', ' DB09383', ' DB12952', ' DB01569', ' DB00741', ' DB15114', ' DB00443', ' DB01234', ' DB11522', ' DB13491', ' DB15566', ' DB00240', ' DB00324', ' DB01384', ' DB09378', ' DB14631', ' DB00547', ' DB01541', ' DB13586', ' DB00873', ' DB12081', ' DB04652', ' DB00620', ' DB14632', ' DB04630', ' DB15999']"
DB00960,"['DB00960', ' DB07543', ' DB13530', ' DB01136']"
DB00983,"['DB00983', ' DB01274', ' DB13625']"
DB00984,"['DB00984', ' DB16003', ' DB08804', ' DB13943', ' DB13944', ' DB13946', ' DB16001', ' DB16002', ' DB16141', ' DB01420', ' DB08308', ' DB08619', ' DB13958', ' DB01395', ' DB14678', ' DB06789', ' DB14677', ' DB12499', ' DB00603', ' DB11440', ' DB13185', ' DB02329', ' DB13640', ' DB08547', ' DB01134', ' DB14540', ' DB14544', ' DB15984', ' DB14543']"
DB00990,"['DB00990', ' DB07373', ' DB12194', ' DB00896', ' DB09124', ' DB00378']"
DB00999,"['DB00999', ' DB01021', ' DB08645', ' DB00232', ' DB15861', ' DB13430', ' DB13532', ' DB13989', ' DB00774', ' DB01324']"
DB01001,"['DB01001', ' DB13139', ' DB00938', ' DB01064', ' DB13206']"
DB01006,['DB01006']
DB01013,"['DB01013', ' DB14640', ' DB14649', ' DB11750', ' DB06781', ' DB14664', ' DB14634', ' DB00596', ' DB15777', ' DB00288', ' DB14643', ' DB15821', ' DB00324', ' DB11487', ' DB14221', ' DB12322', ' DB00443', ' DB01234', ' DB11522', ' DB13491', ' DB14653', ' DB00394', ' DB14637', ' DB14657', ' DB14652', ' DB13158', ' DB00620', ' DB00547', ' DB00588', ' DB14632']"
DB01020,"['DB00883', ' DB01020']"
DB01021,"['DB01021', ' DB08645', ' DB00232', ' DB15861', ' DB00999', ' DB13430', ' DB13532', ' DB13989', ' DB01324', ' DB00606']"
DB01032,['DB01032']
DB01037,"['DB01037', ' DB12650', ' DB13285', ' DB04677', ' DB01577', ' DB09571', ' DB01550', ' DB01365', ' DB13852']"
DB01047,"['DB01047', ' DB18737', ' DB00591', ' DB14662', ' DB00288', ' DB00180', ' DB14673', ' DB06781', ' DB01410', ' DB00846', ' DB14664', ' DB14637', ' DB14657', ' DB08973', ' DB01260', ' DB06786', ' DB12322', ' DB14640', ' DB14649', ' DB01222', ' DB12553', ' DB14634', ' DB15777', ' DB01130', ' DB15821', ' DB13664', ' DB00223', ' DB00663', ' DB00588', ' DB01013']"
DB01064,"['DB01064', ' DB00668', ' DB00816', ' DB00871', ' DB08985', ' DB00221', ' DB08957', ' DB00368', ' DB00388', ' DB01288', ' DB13494', ' DB01102', ' DB09203', ' DB13917', ' DB06814', ' DB00867', ' DB01001', ' DB13139', ' DB06707', ' DB13206', ' DB13378']"
DB01105,['DB01105']
DB01130,"['DB01130', ' DB01410', ' DB14643', ' DB14633', ' DB14644', ' DB14632', ' DB15999', ' DB15566', ' DB01222', ' DB01260', ' DB00288', ' DB14662', ' DB00394', ' DB14221', ' DB14538', ' DB14596', ' DB14543', ' DB14640', ' DB14649', ' DB18737', ' DB14540', ' DB14544', ' DB01047', ' DB14625', ' DB14646', ' DB14545', ' DB06781', ' DB14541', ' DB00180', ' DB14657']"
DB01134,"['DB01134', ' DB06780', ' DB06789', ' DB14677', ' DB12499', ' DB00603', ' DB11440', ' DB01420', ' DB08804', ' DB13943', ' DB13944', ' DB13946', ' DB16001', ' DB16002', ' DB16141', ' DB14541', ' DB13958', ' DB14583', ' DB14540', ' DB01380', ' DB08308', ' DB08619', ' DB14538', ' DB14544', ' DB14545', ' DB14543', ' DB14539', ' DB01395', ' DB13185', ' DB13640']"
DB01136,"['DB01136', ' DB07543', ' DB00960', ' DB13530']"
DB01144,"['DB01144', ' DB13663']"
DB01185,"['DB01185', ' DB00687', ' DB00324', ' DB00443', ' DB01234', ' DB11522', ' DB13491', ' DB13610', ' DB00547', ' DB00620', ' DB08970', ' DB00223', ' DB00663', ' DB09095', ' DB11750', ' DB00741', ' DB04652', ' DB12553', ' DB00253']"
DB01191,"['DB00574', ' DB01191']"
DB01192,"['DB00704', ' DB01192', ' DB06800', ' DB00497', ' DB01183', ' DB04509', ' DB00327', ' DB00956', ' DB06230', ' DB01512', ' DB00844', ' DB14146', ' DB15341', ' DB01565', ' DB09049', ' DB01551', ' DB01531', ' DB00921', ' DB01450', ' DB01548', ' DB16117', ' DB16072', ' DB13471', ' DB01538', ' DB01480', ' DB01497', ' DB00295', ' DB01469', ' DB00318', ' DB01477']"
DB01193,"['DB01193', ' DB04846']"
DB01194,"['DB01194', ' DB03877', ' DB02220', ' DB03221', ' DB02602']"
DB01203,"['DB01203', ' DB01210', ' DB01359']"
DB01210,"['DB01210', ' DB01203']"
DB01214,"['DB01214', ' DB07573']"
DB01217,['DB01217']
DB01222,"['DB01222', ' DB01260', ' DB01410', ' DB00180', ' DB00288', ' DB15835', ' DB01130', ' DB14662', ' DB00591', ' DB18738', ' DB14643', ' DB01047', ' DB14632', ' DB00846', ' DB15999', ' DB14633', ' DB14644', ' DB15566', ' DB14673', ' DB08973', ' DB13751', ' DB14596']"
DB01230,"['DB01230', ' DB13341', ' DB01490', ' DB01447']"
DB01234,"['DB00443', ' DB01234', ' DB11522', ' DB13491', ' DB00324', ' DB00620', ' DB00547', ' DB08970', ' DB11750', ' DB00223', ' DB00663', ' DB09095', ' DB12553', ' DB14640', ' DB14649', ' DB14669', ' DB00687', ' DB01384', ' DB09378', ' DB00596', ' DB14634', ' DB00860', ' DB00959', ' DB08971', ' DB13728', ' DB13158', ' DB13223', ' DB01185', ' DB13208', ' DB14664']"
DB01240,['DB01240']
DB01255,"['DB01255', ' DB07749']"
DB01260,"['DB01260', ' DB01222', ' DB01410', ' DB00180', ' DB15835', ' DB14662', ' DB00288', ' DB00591', ' DB01130', ' DB00846', ' DB01047', ' DB18737', ' DB15566', ' DB14673', ' DB14643', ' DB14632', ' DB15999', ' DB14633', ' DB14644', ' DB08973', ' DB14596', ' DB06786', ' DB13751']"
DB01274,"['DB00983', ' DB01274', ' DB13625']"
DB01284,"['DB01284', ' DB15687', ' DB05479', ' DB15314', ' DB13298', ' DB04931', ' DB15194', ' DB14027', ' DB13928', ' DB18169', ' DB00007', ' DB06825', ' DB11510', ' DB06719', ' DB00666', ' DB15272', ' DB11724', ' DB14806', ' DB14803', ' DB00644', ' DB06260', ' DB18634', ' DB16146', ' DB15366', ' DB14786', ' DB06788', ' DB13742', ' DB00014', ' DB11720', ' DB00403']"
DB01288,"['DB01288', ' DB00816', ' DB00871', ' DB00221', ' DB01064', ' DB00867', ' DB06814', ' DB08985', ' DB01102', ' DB00388', ' DB08957', ' DB00668', ' DB13559', ' DB11610']"
DB01291,['DB01291']
DB01324,"['DB01324', ' DB13989', ' DB00232', ' DB01021', ' DB08645', ' DB15861', ' DB13430', ' DB13532', ' DB00999']"
DB01325,"['DB01325', ' DB13708', ' DB00524']"
DB01364,"['DB00852', ' DB01364', ' DB14752', ' DB11278', ' DB11587', ' DB00397', ' DB01486', ' DB11610', ' DB00867', ' DB01577', ' DB09571', ' DB15902']"
DB01365,"['DB01365', ' DB01577', ' DB09571', ' DB00191', ' DB13285', ' DB00182', ' DB01576', ' DB13852', ' DB01037', ' DB12650', ' DB01550', ' DB04677', ' DB02972', ' DB15339']"
DB01366,"['DB01366', ' DB15784', ' DB05039', ' DB12100']"
DB01380,"['DB01380', ' DB12499', ' DB14539', ' DB14625', ' DB14646', ' DB00603', ' DB11440', ' DB06780', ' DB14541', ' DB14545', ' DB01134', ' DB06789', ' DB14677', ' DB14583', ' DB14538', ' DB14543', ' DB14540', ' DB14544', ' DB14681', ' DB13958', ' DB05288', ' DB01420', ' DB08804', ' DB13943', ' DB13944', ' DB13946', ' DB16001', ' DB16002', ' DB16141', ' DB08308']"
DB01406,['DB01406']
DB01407,"['DB01407', ' DB12803']"
DB01408,['DB01408']
DB01410,"['DB01410', ' DB01222', ' DB01260', ' DB00288', ' DB01130', ' DB14662', ' DB18737', ' DB14643', ' DB01047', ' DB00180', ' DB14632', ' DB15999', ' DB14673', ' DB14633', ' DB14644', ' DB15835', ' DB15566', ' DB00591', ' DB00394', ' DB00846', ' DB14221', ' DB14596', ' DB14640', ' DB14649', ' DB14538', ' DB14543', ' DB05442', ' DB14540', ' DB14625', ' DB14646']"
DB01420,"['DB01420', ' DB08804', ' DB13943', ' DB13944', ' DB13946', ' DB16001', ' DB16002', ' DB16141', ' DB13958', ' DB08308', ' DB08619', ' DB01395', ' DB00603', ' DB11440', ' DB06789', ' DB14677', ' DB12499', ' DB13185', ' DB13640', ' DB14678', ' DB01134', ' DB02329', ' DB15984', ' DB08547', ' DB06780', ' DB14583', ' DB14540', ' DB14538', ' DB14544', ' DB14543']"
DB01434,"['DB00396', ' DB01434', ' DB01536', ' DB01451', ' DB13391', ' DB15977', ' DB13710', ' DB13230', ' DB14570', ' DB00624', ' DB01471', ' DB01543', ' DB01564', ' DB05830', ' DB06710', ' DB07768', ' DB11429', ' DB12787', ' DB13169', ' DB13533', ' DB14093', ' DB01443', ' DB01456', ' DB08905', ' DB00253', ' DB18000', ' DB14584', ' DB04652', ' DB07373', ' DB12194']"
DB01439,"['DB01439', ' DB09180', ' DB01470', ' DB09170', ' DB00708', ' DB01571', ' DB09178', ' DB09171', ' DB01570', ' DB00813', ' DB09169', ' DB09173', ' DB01557', ' DB01532']"
DB01443,"['DB01443', ' DB01456', ' DB00396', ' DB01434', ' DB01536', ' DB01451']"
DB01450,"['DB00921', ' DB01450', ' DB01548', ' DB16072', ' DB01565', ' DB01551', ' DB01512', ' DB01538', ' DB00844', ' DB14146', ' DB16117', ' DB09049', ' DB01531', ' DB15341', ' DB01480', ' DB01497', ' DB01469', ' DB06230', ' DB00497', ' DB00704', ' DB01192', ' DB06800', ' DB00956', ' DB00327', ' DB00318', ' DB00295', ' DB01477', ' DB01466', ' DB01183', ' DB04509']"
DB01451,"['DB01451', ' DB00396', ' DB01434', ' DB01536', ' DB01481', ' DB01572', ' DB13710', ' DB13391', ' DB15977', ' DB13230', ' DB14570', ' DB00624', ' DB01471', ' DB01543', ' DB01564', ' DB05830', ' DB06710', ' DB07768', ' DB11429', ' DB12787', ' DB13169', ' DB13533', ' DB14093', ' DB07373', ' DB12194', ' DB01443', ' DB01456', ' DB08905', ' DB00253', ' DB18000']"
DB01452,"['DB01452', ' DB01469', ' DB01466', ' DB13454', ' DB00318', ' DB01480', ' DB01497', ' DB01477', ' DB00295', ' DB01573', ' DB09209', ' DB11490', ' DB06409', ' DB01568', ' DB15341', ' DB16117', ' DB01538', ' DB13458', ' DB15465', ' DB14146', ' DB09049', ' DB16072', ' DB01512', ' DB00844', ' DB00921', ' DB01450', ' DB01548', ' DB06230', ' DB01551', ' DB01565']"
DB01453,"['DB01453', ' DB01570', ' DB00813', ' DB09173', ' DB01557', ' DB09171', ' DB01571', ' DB01532', ' DB09177', ' DB09178', ' DB13653', ' DB09179', ' DB09169', ' DB09170', ' DB09180', ' DB09182']"
DB01455,"['DB01455', ' DB01524', ' DB04704', ' DB04540', ' DB04705', ' DB14038', ' DB03696', ' DB01431', ' DB04706', ' DB02789', ' DB06257', ' DB01708', ' DB01493', ' DB14555', ' DB13797', ' DB01474', ' DB01526', ' DB01554', ' DB05212', ' DB12474', ' DB01503', ' DB01889', ' DB13866']"
DB01456,"['DB01443', ' DB01456', ' DB00396', ' DB01434', ' DB01536', ' DB01451']"
DB01458,"['DB01458', ' DB13940']"
DB01463,"['DB01463', ' DB08071', ' DB16848']"
DB01465,"['DB01465', ' DB01528', ' DB01467', ' DB00723', ' DB01484', ' DB13624']"
DB01467,"['DB01467', ' DB01528', ' DB01465', ' DB00723', ' DB01484']"
DB01469,"['DB01469', ' DB01480', ' DB01497', ' DB01452', ' DB01466', ' DB00318', ' DB01573', ' DB01477', ' DB00295', ' DB09209', ' DB15341', ' DB16117', ' DB11490', ' DB01568', ' DB13454', ' DB06409', ' DB16072', ' DB14146', ' DB00921', ' DB01450', ' DB01548', ' DB01512', ' DB01538', ' DB00844', ' DB09049', ' DB01551', ' DB13458', ' DB15465', ' DB01565', ' DB06230']"
DB01470,"['DB01470', ' DB09180', ' DB01439', ' DB09170', ' DB00708', ' DB01557', ' DB01532', ' DB00813', ' DB09173', ' DB01571', ' DB09171']"
DB01471,"['DB00624', ' DB01471', ' DB01543', ' DB01564', ' DB05830', ' DB06710', ' DB07768', ' DB11429', ' DB12787', ' DB13169', ' DB13533', ' DB14093', ' DB13710', ' DB13230', ' DB14570', ' DB01481', ' DB01572', ' DB00253', ' DB18000', ' DB00367', ' DB00717', ' DB09389', ' DB14584', ' DB04652', ' DB01485', ' DB01500', ' DB01540', ' DB04630', ' DB00741', ' DB13089']"
DB01472,"['DB01472', ' DB09352', ' DB03978', ' DB08767', ' DB08841', ' DB03380']"
DB01481,"['DB01481', ' DB01572', ' DB13710', ' DB00624', ' DB01471', ' DB01543', ' DB01564', ' DB05830', ' DB06710', ' DB07768', ' DB11429', ' DB12787', ' DB13169', ' DB13533', ' DB14093', ' DB13230', ' DB14570', ' DB00253', ' DB18000', ' DB14584', ' DB01451', ' DB04652', ' DB00367', ' DB00717', ' DB09389', ' DB04630', ' DB00741', ' DB01485', ' DB01500', ' DB01540']"
DB01482,"['DB01482', ' DB12926', ' DB13592', ' DB12927', ' DB12846', ' DB13203', ' DB13636', ' DB13449', ' DB18002', ' DB13573']"
DB01484,"['DB01484', ' DB01537', ' DB01465', ' DB01528', ' DB01467']"
DB01485,"['DB01485', ' DB01500', ' DB01540', ' DB08905', ' DB13230', ' DB14570', ' DB00624', ' DB01471', ' DB01543', ' DB01564', ' DB05830', ' DB06710', ' DB07768', ' DB11429', ' DB12787', ' DB13169', ' DB13533', ' DB14093', ' DB13710', ' DB04652', ' DB14584', ' DB00253', ' DB18000', ' DB04630', ' DB00741', ' DB13185', ' DB00367', ' DB00717', ' DB09389', ' DB01481']"
DB01486,"['DB00397', ' DB01486', ' DB00852', ' DB01364', ' DB14752', ' DB11278', ' DB11587', ' DB04484', ' DB00610', ' DB11610', ' DB00182', ' DB01576']"
DB01493,"['DB01493', ' DB01431', ' DB03696', ' DB12474', ' DB04704', ' DB01474', ' DB01526', ' DB01554', ' DB01455', ' DB01524', ' DB04540', ' DB04705', ' DB14038', ' DB01889', ' DB01503', ' DB00304', ' DB14555', ' DB14152', ' DB12622', ' DB13866', ' DB00624', ' DB01471', ' DB01543', ' DB01564', ' DB06710', ' DB07768', ' DB11429', ' DB12787', ' DB13169', ' DB13533']"
DB01497,"['DB01480', ' DB01497', ' DB01469', ' DB00318', ' DB00295', ' DB01477', ' DB01466', ' DB01573', ' DB11490', ' DB09209', ' DB01452', ' DB01568', ' DB00921', ' DB01450', ' DB01548', ' DB16072', ' DB14146', ' DB15341', ' DB16117', ' DB06409', ' DB01512', ' DB01551', ' DB00844', ' DB01565', ' DB09049', ' DB13454', ' DB06230', ' DB01538', ' DB13458', ' DB00497']"
DB01500,"['DB01485', ' DB01500', ' DB01540', ' DB08905', ' DB13230', ' DB14570', ' DB00624', ' DB01471', ' DB01543', ' DB01564', ' DB05830', ' DB06710', ' DB07768', ' DB11429', ' DB12787', ' DB13169', ' DB13533', ' DB14093', ' DB13710', ' DB04652', ' DB14584', ' DB00253', ' DB18000', ' DB04630', ' DB00741', ' DB13185', ' DB00367', ' DB00717', ' DB09389', ' DB01481']"
DB01503,"['DB01503', ' DB01474', ' DB01526', ' DB01554', ' DB13866', ' DB04706', ' DB01493', ' DB06257', ' DB01431', ' DB03696', ' DB01889', ' DB04704', ' DB01455', ' DB01524', ' DB04540', ' DB04705', ' DB14038']"
DB01509,"['DB01509', ' DB01454', ' DB01566', ' DB06112', ' DB01442', ' DB12809', ' DB01516', ' DB09253', ' DB14129', ' DB06814']"
DB01513,"['DB01479', ' DB01513', ' DB01530', ' DB03882', ' DB03926', ' DB11288', ' DB17066', ' DB17742', ' DB13163', ' DB00825', ' DB11344', ' DB14123', ' DB06307', ' DB02901', ' DB03619', ' DB07447', ' DB12622', ' DB13587', ' DB00858', ' DB01586', ' DB02659', ' DB05990', ' DB06777', ' DB16260', ' DB02854', ' DB05087', ' DB11859', ' DB12308', ' DB12972']"
DB01514,['DB01514']
DB01516,"['DB01516', ' DB01442', ' DB01509', ' DB01454', ' DB01566', ' DB06112', ' DB12809']"
DB01521,"['DB01521', ' DB00624', ' DB01471', ' DB01543', ' DB01564', ' DB05830', ' DB06710', ' DB07768', ' DB11429', ' DB12787', ' DB13169', ' DB13533', ' DB14093', ' DB15984', ' DB13710', ' DB13230', ' DB14570', ' DB14584', ' DB18000', ' DB04652', ' DB00253', ' DB00367', ' DB00717', ' DB09389', ' DB04630', ' DB01481', ' DB01572', ' DB00741', ' DB01500', ' DB01540']"
DB01524,"['DB01455', ' DB01524', ' DB04704', ' DB04540', ' DB04705', ' DB14038', ' DB03696', ' DB01431', ' DB04706', ' DB02789', ' DB06257', ' DB01708', ' DB01493', ' DB14555', ' DB13797', ' DB01474', ' DB01526', ' DB01554', ' DB05212', ' DB12474', ' DB01503', ' DB01889', ' DB13866']"
DB01526,"['DB01474', ' DB01526', ' DB01554', ' DB01503', ' DB13866', ' DB04706', ' DB06257', ' DB01493', ' DB03696', ' DB01431', ' DB04704', ' DB01455', ' DB01524', ' DB04540', ' DB04705', ' DB14038', ' DB05212', ' DB12474', ' DB13315', ' DB02789', ' DB14555', ' DB01708']"
DB01528,"['DB01528', ' DB01467', ' DB01465', ' DB00723', ' DB01484']"
DB01529,"['DB01529', ' DB00561', ' DB13759']"
DB01531,"['DB01531', ' DB01565', ' DB01551', ' DB00327', ' DB00921', ' DB01450', ' DB01548', ' DB00956', ' DB01512', ' DB16072', ' DB00844', ' DB06230', ' DB01538', ' DB00704', ' DB01192', ' DB06800', ' DB00497', ' DB14146', ' DB01183', ' DB04509', ' DB09049', ' DB16117', ' DB15341', ' DB13471', ' DB00295', ' DB01480', ' DB01497', ' DB00318', ' DB01477', ' DB01466']"
DB01532,"['DB01532', ' DB01557', ' DB00813', ' DB09173', ' DB01571', ' DB09171', ' DB09178', ' DB01453', ' DB09177', ' DB09169', ' DB01570', ' DB13653', ' DB09179', ' DB01470', ' DB09182', ' DB09180', ' DB09168', ' DB01439']"
DB01536,"['DB00396', ' DB01434', ' DB01536', ' DB01451', ' DB13391', ' DB15977', ' DB13710', ' DB13230', ' DB14570', ' DB00624', ' DB01471', ' DB01543', ' DB01564', ' DB05830', ' DB06710', ' DB07768', ' DB11429', ' DB12787', ' DB13169', ' DB13533', ' DB14093', ' DB01443', ' DB01456', ' DB08905', ' DB00253', ' DB18000', ' DB14584', ' DB04652', ' DB07373', ' DB12194']"
DB01537,"['DB01537', ' DB01484']"
DB01540,"['DB01485', ' DB01500', ' DB01540', ' DB08905', ' DB13230', ' DB14570', ' DB00624', ' DB01471', ' DB01543', ' DB01564', ' DB05830', ' DB06710', ' DB07768', ' DB11429', ' DB12787', ' DB13169', ' DB13533', ' DB14093', ' DB13710', ' DB04652', ' DB14584', ' DB00253', ' DB18000', ' DB04630', ' DB00741', ' DB13185', ' DB00367', ' DB00717', ' DB09389', ' DB01481']"
DB01541,"['DB01541', ' DB13586', ' DB00896', ' DB01569', ' DB00860', ' DB00959', ' DB00635', ' DB09383', ' DB12952', ' DB07373', ' DB12194', ' DB13208', ' DB14639', ' DB15114']"
DB01543,"['DB00624', ' DB01471', ' DB01543', ' DB01564', ' DB05830', ' DB06710', ' DB07768', ' DB11429', ' DB12787', ' DB13169', ' DB13533', ' DB14093', ' DB13710', ' DB13230', ' DB14570', ' DB01481', ' DB01572', ' DB00253', ' DB18000', ' DB00367', ' DB00717', ' DB09389', ' DB14584', ' DB04652', ' DB01485', ' DB01500', ' DB01540', ' DB04630', ' DB00741', ' DB13089']"
DB01546,"['DB01546', ' DB01446', ' DB04236', ' DB08653', ' DB00150', ' DB03225', ' DB04537', ' DB08953', ' DB02740', ' DB01488', ' DB01460', ' DB01953', ' DB12827', ' DB02959', ' DB08839', ' DB08649', ' DB03314', ' DB02758', ' DB08652']"
DB01550,"['DB01550', ' DB13285', ' DB13852', ' DB01577', ' DB09571', ' DB01037', ' DB12650', ' DB04677', ' DB01365']"
DB01554,"['DB01474', ' DB01526', ' DB01554', ' DB01503', ' DB13866', ' DB04706', ' DB06257', ' DB01493', ' DB03696', ' DB01431', ' DB04704', ' DB01455', ' DB01524', ' DB04540', ' DB04705', ' DB14038', ' DB05212', ' DB12474', ' DB13315', ' DB02789', ' DB14555', ' DB01708']"
DB01556,"['DB01556', ' DB01527', ' DB00191']"
DB01557,"['DB01557', ' DB01532', ' DB00813', ' DB09173', ' DB01571', ' DB09171', ' DB09178', ' DB01453', ' DB09177', ' DB09169', ' DB01570', ' DB13653', ' DB09179', ' DB01470', ' DB09182', ' DB09180', ' DB09168', ' DB01439']"
DB01560,"['DB01560', ' DB15339', ' DB13108', ' DB00182', ' DB01576', ' DB00937']"
DB01561,"['DB01561', ' DB04693', ' DB07375', ' DB07557', ' DB01744', ' DB11345', ' DB14156', ' DB15918', ' DB03540', ' DB08956', ' DB15920', ' DB02854', ' DB05087', ' DB11859', ' DB12308', ' DB12972', ' DB00858', ' DB11622', ' DB02125', ' DB02901', ' DB07447', ' DB13587']"
DB01562,"['DB01562', ' DB01478', ' DB01473', ' DB13160', ' DB01499', ' DB01552', ' DB01542']"
DB01564,"['DB00624', ' DB01471', ' DB01543', ' DB01564', ' DB05830', ' DB06710', ' DB07768', ' DB11429', ' DB12787', ' DB13169', ' DB13533', ' DB14093', ' DB13710', ' DB13230', ' DB14570', ' DB01481', ' DB01572', ' DB00253', ' DB18000', ' DB00367', ' DB00717', ' DB09389', ' DB14584', ' DB04652', ' DB01485', ' DB01500', ' DB01540', ' DB04630', ' DB00741', ' DB13089']"
DB01565,"['DB01565', ' DB01551', ' DB00921', ' DB01450', ' DB01548', ' DB01512', ' DB16072', ' DB00844', ' DB01531', ' DB01538', ' DB14146', ' DB09049', ' DB16117', ' DB15341', ' DB00327', ' DB06230', ' DB01480', ' DB01497', ' DB00295', ' DB00704', ' DB01192', ' DB06800', ' DB00956', ' DB00318', ' DB00497', ' DB01477', ' DB01466', ' DB11490', ' DB01183', ' DB04509']"
DB01566,"['DB01566', ' DB06112', ' DB01454', ' DB01509', ' DB06814', ' DB01442', ' DB12809', ' DB01516', ' DB09253', ' DB14129']"
DB01569,"['DB01569', ' DB00896', ' DB00860', ' DB00959', ' DB01541', ' DB13586', ' DB13208', ' DB15114', ' DB00635', ' DB09383', ' DB12952', ' DB12081', ' DB14094', ' DB00873']"
DB01570,"['DB01570', ' DB01453', ' DB01571', ' DB09171', ' DB09178', ' DB00813', ' DB09173', ' DB09169', ' DB01557', ' DB01532', ' DB09177', ' DB09179', ' DB13653', ' DB09170', ' DB01439']"
DB01571,"['DB01571', ' DB09171', ' DB09178', ' DB00813', ' DB09173', ' DB09169', ' DB01557', ' DB01570', ' DB01532', ' DB09177', ' DB01453', ' DB09179', ' DB01439', ' DB13653', ' DB09182', ' DB09180', ' DB09168', ' DB09174', ' DB01470']"
DB01572,"['DB01481', ' DB01572', ' DB13710', ' DB00624', ' DB01471', ' DB01543', ' DB01564', ' DB05830', ' DB06710', ' DB07768', ' DB11429', ' DB12787', ' DB13169', ' DB13533', ' DB14093', ' DB13230', ' DB14570', ' DB00253', ' DB18000', ' DB14584', ' DB01451', ' DB04652', ' DB00367', ' DB00717', ' DB09389', ' DB04630', ' DB00741', ' DB01485', ' DB01500', ' DB01540']"
DB01573,"['DB01573', ' DB01466', ' DB00318', ' DB01477', ' DB00295', ' DB09209', ' DB11490', ' DB01480', ' DB01497', ' DB01469', ' DB01568', ' DB01452', ' DB13454', ' DB15341', ' DB01551', ' DB16117', ' DB01512', ' DB16072', ' DB06409', ' DB14146', ' DB00844', ' DB01565', ' DB00921', ' DB01450', ' DB01548', ' DB15465', ' DB06230', ' DB09049', ' DB13458', ' DB00497']"
DB01576,"['DB00182', ' DB01576', ' DB00191', ' DB02972', ' DB09250', ' DB01577', ' DB09571', ' DB04484', ' DB01365', ' DB13285', ' DB04325', ' DB01560', ' DB07910', ' DB00752', ' DB02665', ' DB09352', ' DB04410', ' DB00397', ' DB01486']"
DB01577,"['DB01577', ' DB09571', ' DB01365', ' DB13285', ' DB00182', ' DB01576', ' DB01037', ' DB12650', ' DB00191', ' DB02972', ' DB01550', ' DB04677', ' DB13852', ' DB15339', ' DB09250', ' DB00852', ' DB01364', ' DB14752']"
DB01579,"['DB01579', ' DB00830', ' DB11587']"
DB01580,"['DB01580', ' DB13777', ' DB09185']"
DB01708,"['DB01708', ' DB02789', ' DB04540', ' DB04705', ' DB14038', ' DB01455', ' DB01524', ' DB04704', ' DB04706', ' DB06257', ' DB13710', ' DB13230', ' DB14570', ' DB00624', ' DB01471', ' DB01543', ' DB01564', ' DB05830', ' DB06710', ' DB07768', ' DB11429', ' DB12787', ' DB13169', ' DB13533', ' DB14093', ' DB14584', ' DB14626', ' DB03696', ' DB18000', ' DB05804']"
DB01742,['DB01742']
DB01761,"['DB01761', ' DB03084', ' DB02388']"
DB01807,"['DB01807', ' DB06883', ' DB06882', ' DB03044', ' DB02277']"
DB01839,"['DB01839', ' DB02159', ' DB04349', ' DB09462', ' DB02418', ' DB02325', ' DB03175']"
DB01873,"['DB01873', ' DB05903', ' DB03010']"
DB02029,['DB02029']
DB02159,"['DB01839', ' DB02159', ' DB04349', ' DB09462', ' DB02418', ' DB02325', ' DB03175']"
DB02243,['DB02243']
DB02277,"['DB02277', ' DB01807', ' DB06883', ' DB06882']"
DB02294,"['DB02294', ' DB02471']"
DB02327,"['DB02042', ' DB02078', ' DB02327', ' DB02343', ' DB02580', ' DB03394', ' DB03508', ' DB03556', ' DB04332', ' DB06867', ' DB07344', ' DB08357', ' DB14000', ' DB02935']"
DB02404,['DB02404']
DB02645,"['DB02645', ' DB02357', ' DB02695', ' DB04141', ' DB12942', ' DB16867', ' DB03338', ' DB02451', ' DB07923', ' DB07924', ' DB14746', ' DB03772', ' DB03870', ' DB00581', ' DB01642', ' DB01979', ' DB02100', ' DB04046', ' DB04116', ' DB03194', ' DB03879', ' DB01687', ' DB01909', ' DB02743', ' DB03277', ' DB03323', ' DB03995', ' DB04248', ' DB04465', ' DB04681']"
DB02726,"['DB02726', ' DB01733', ' DB01709', ' DB01819', ' DB03248']"
DB02901,"['DB02901', ' DB07447', ' DB13587', ' DB00858', ' DB02854', ' DB05087', ' DB11859', ' DB12308', ' DB12972', ' DB11371', ' DB06622', ' DB08956', ' DB16260', ' DB03619', ' DB01586', ' DB02659', ' DB05990', ' DB06777', ' DB02817', ' DB11789', ' DB11622', ' DB18044', ' DB01479', ' DB01513', ' DB01530', ' DB03882', ' DB03926', ' DB16870', ' DB01561', ' DB04693']"
DB02924,['DB02924']
DB02925,"['DB02925', ' DB00887']"
DB02998,"['DB02998', ' DB06870', ' DB11372', ' DB11551', ' DB11619', ' DB13563', ' DB09123', ' DB13129', ' DB14660', ' DB11636', ' DB11529', ' DB09015', ' DB13602', ' DB13857', ' DB05786', ' DB06543']"
DB03026,['DB03026']
DB03056,['DB03056']
DB03081,['DB03081']
DB03085,"['DB03085', ' DB03902', ' DB13519', ' DB03166', ' DB14511', ' DB15111', ' DB04343']"
DB03218,"['DB03218', ' DB04295', ' DB01823', ' DB17822', ' DB03479']"
DB03322,"['DB00571', ' DB03322', ' DB13777']"
DB03337,['DB03337']
DB03350,['DB03350']
DB03368,"['DB03368', ' DB01174']"
DB03394,"['DB02042', ' DB02078', ' DB02327', ' DB02343', ' DB02580', ' DB03394', ' DB03508', ' DB03556', ' DB04332', ' DB06867', ' DB07344', ' DB08357', ' DB14000', ' DB02935']"
DB03508,"['DB02042', ' DB02078', ' DB02327', ' DB02343', ' DB02580', ' DB03394', ' DB03508', ' DB03556', ' DB04332', ' DB06867', ' DB07344', ' DB08357', ' DB14000', ' DB02935']"
DB03556,"['DB02042', ' DB02078', ' DB02327', ' DB02343', ' DB02580', ' DB03394', ' DB03508', ' DB03556', ' DB04332', ' DB06867', ' DB07344', ' DB08357', ' DB14000', ' DB02935']"
DB03622,['DB03622']
DB03748,['DB03748']
DB03782,['DB03782']
DB03861,['DB03861']
DB03882,"['DB01479', ' DB01513', ' DB01530', ' DB03882', ' DB03926', ' DB11288', ' DB17066', ' DB17742', ' DB13163', ' DB00825', ' DB11344', ' DB14123', ' DB06307', ' DB02901', ' DB03619', ' DB07447', ' DB12622', ' DB13587', ' DB00858', ' DB01586', ' DB02659', ' DB05990', ' DB06777', ' DB16260', ' DB02854', ' DB05087', ' DB11859', ' DB12308', ' DB12972']"
DB03904,"['DB03904', ' DB09510', ' DB09513', ' DB11129']"
DB03926,"['DB01479', ' DB01513', ' DB01530', ' DB03882', ' DB03926', ' DB11288', ' DB17066', ' DB17742', ' DB13163', ' DB00825', ' DB11344', ' DB14123', ' DB06307', ' DB02901', ' DB03619', ' DB07447', ' DB12622', ' DB13587', ' DB00858', ' DB01586', ' DB02659', ' DB05990', ' DB06777', ' DB16260', ' DB02854', ' DB05087', ' DB11859', ' DB12308', ' DB12972']"
DB04113,['DB04113']
DB04186,"['DB04186', ' DB06976']"
DB04213,['DB04213']
DB04325,"['DB04325', ' DB00780', ' DB00182', ' DB01576']"
DB04336,['DB04336']
DB04468,"['DB00675', ' DB04468', ' DB00539', ' DB15641', ' DB04938', ' DB00882', ' DB06735', ' DB06640']"
DB04630,"['DB04630', ' DB04652', ' DB00253', ' DB00741', ' DB13230', ' DB14570', ' DB09091', ' DB13710', ' DB18000', ' DB00624', ' DB01471', ' DB01543', ' DB01564', ' DB05830', ' DB06710', ' DB07768', ' DB11429', ' DB12787', ' DB13169', ' DB13533', ' DB14093', ' DB14584', ' DB14681', ' DB01485', ' DB01500', ' DB01540', ' DB01481', ' DB01572', ' DB16935', ' DB00367']"
DB04632,['DB04632']
DB04652,"['DB04652', ' DB04630', ' DB00253', ' DB00741', ' DB13230', ' DB14570', ' DB09091', ' DB13710', ' DB18000', ' DB00624', ' DB01471', ' DB01543', ' DB01564', ' DB05830', ' DB06710', ' DB07768', ' DB11429', ' DB12787', ' DB13169', ' DB13533', ' DB14093', ' DB14584', ' DB01485', ' DB01500', ' DB01540', ' DB14681', ' DB01481', ' DB01572', ' DB00367', ' DB00717']"
DB04727,"['DB04727', ' DB08392', ' DB08393', ' DB07653', ' DB07297', ' DB07654']"
DB04733,"['DB02548', ' DB02760', ' DB04733', ' DB04516', ' DB03542', ' DB02630', ' DB03745', ' DB03158', ' DB02942', ' DB04087', ' DB03581', ' DB11848', ' DB01729', ' DB01863', ' DB03344', ' DB03401', ' DB03956', ' DB04300', ' DB14981', ' DB04277', ' DB04493', ' DB18232', ' DB02445', ' DB02053', ' DB02778', ' DB01655', ' DB02076', ' DB02512', ' DB13863', ' DB04034']"
DB04825,"['DB04825', ' DB13476', ' DB13725', ' DB16848', ' DB13502', ' DB13505', ' DB13439']"
DB04846,"['DB04846', ' DB01193']"
DB04847,"['DB04847', ' DB07112', ' DB08687']"
DB04861,['DB04861']
DB04862,['DB04862']
DB04890,"['DB04890', ' DB00748']"
DB04938,"['DB04938', ' DB06640', ' DB00539', ' DB00675', ' DB04468']"
DB04980,"['DB04980', ' DB00460', ' DB06659', ' DB04506', ' DB02133', ' DB01853']"
DB05039,"['DB05039', ' DB15784', ' DB01366', ' DB12100']"
DB05107,"['DB05107', ' DB15915', ' DB02854', ' DB05087', ' DB11859', ' DB12308', ' DB12972']"
DB05212,"['DB05212', ' DB06257', ' DB04706', ' DB13866', ' DB01474', ' DB01526', ' DB01554', ' DB01455', ' DB01524', ' DB04704', ' DB12474', ' DB04540', ' DB04705', ' DB14038', ' DB06730', ' DB01088', ' DB00304', ' DB01708']"
DB05804,"['DB05804', ' DB01990', ' DB18079', ' DB14624', ' DB01708', ' DB02789']"
DB05805,"['DB05805', ' DB06156', ' DB04857']"
DB05830,"['DB00624', ' DB01471', ' DB01543', ' DB01564', ' DB05830', ' DB06710', ' DB07768', ' DB11429', ' DB12787', ' DB13169', ' DB13533', ' DB14093', ' DB13710', ' DB13230', ' DB14570', ' DB01481', ' DB01572', ' DB00253', ' DB18000', ' DB00367', ' DB00717', ' DB09389', ' DB14584', ' DB04652', ' DB01485', ' DB01500', ' DB01540', ' DB04630', ' DB00741', ' DB13089']"
DB06112,"['DB06112', ' DB01566', ' DB01454', ' DB01509', ' DB06814', ' DB01442', ' DB12809', ' DB01516', ' DB09253', ' DB14129']"
DB06202,"['DB06202', ' DB12220']"
DB06212,['DB06212']
DB06250,['DB06250']
DB06401,"['DB06401', ' DB05414', ' DB03121']"
DB06409,"['DB06409', ' DB01452', ' DB01469', ' DB01480', ' DB01497', ' DB00318', ' DB00295', ' DB01477', ' DB09209', ' DB01466', ' DB11490', ' DB01568', ' DB01573', ' DB13454', ' DB13458', ' DB15465', ' DB14146', ' DB15341', ' DB09049', ' DB16117', ' DB01538', ' DB00844', ' DB01512', ' DB06230', ' DB00497', ' DB00921', ' DB01450', ' DB01548', ' DB00704', ' DB01192']"
DB06412,"['DB06412', ' DB12480']"
DB06413,"['DB00745', ' DB06413', ' DB08925']"
DB06444,"['DB06444', ' DB12193', ' DB14011', ' DB00470', ' DB11755', ' DB00486']"
DB06622,"['DB06622', ' DB00858', ' DB02854', ' DB02901', ' DB05087', ' DB07447', ' DB11859', ' DB12308', ' DB12972', ' DB13587', ' DB11371', ' DB02817', ' DB08956', ' DB16260', ' DB01586', ' DB02659', ' DB05990', ' DB06777', ' DB03619', ' DB11789', ' DB11622', ' DB18044']"
DB06624,['DB06624']
DB06645,"['DB06645', ' DB14777', ' DB12054', ' DB18527', ' DB12748', ' DB06610', ' DB00027', ' DB17938', ' DB16146', ' DB18252', ' DB16013', ' DB11628', ' DB12777', ' DB02255', ' DB15272', ' DB14806', ' DB00183', ' DB04894', ' DB13074', ' DB12292', ' DB11975', ' DB14786', ' DB09099', ' DB11724', ' DB17503', ' DB18169', ' DB06791', ' DB12678', ' DB08489', ' DB08493']"
DB06666,['DB06666']
DB06701,"['DB00422', ' DB06701']"
DB06706,"['DB06706', ' DB16136']"
DB06710,"['DB00624', ' DB01471', ' DB01543', ' DB01564', ' DB05830', ' DB06710', ' DB07768', ' DB11429', ' DB12787', ' DB13169', ' DB13533', ' DB14093', ' DB13710', ' DB13230', ' DB14570', ' DB01481', ' DB01572', ' DB00253', ' DB18000', ' DB00367', ' DB00717', ' DB09389', ' DB14584', ' DB04652', ' DB01485', ' DB01500', ' DB01540', ' DB04630', ' DB00741', ' DB13089']"
DB06714,"['DB06714', ' DB08999', ' DB00657', ' DB11807', ' DB01074', ' DB00915', ' DB01043', ' DB04926']"
DB06718,['DB06718']
DB06719,"['DB06719', ' DB00007', ' DB06825', ' DB11510', ' DB00666', ' DB18169', ' DB04931', ' DB00644', ' DB00014', ' DB14027', ' DB05479', ' DB15314', ' DB15194', ' DB01284', ' DB13298', ' DB15687', ' DB13928', ' DB06788', ' DB14803', ' DB11724', ' DB15272', ' DB14786', ' DB13742', ' DB11720', ' DB16146', ' DB12199', ' DB15366', ' DB15636', ' DB11700', ' DB17938']"
DB06735,"['DB00882', ' DB06735', ' DB00269', ' DB00675', ' DB04468', ' DB00539']"
DB06738,"['DB06738', ' DB11609', ' DB06204', ' DB13436', ' DB17993', ' DB01491']"
DB06780,"['DB06780', ' DB01134', ' DB00603', ' DB11440', ' DB06789', ' DB14677', ' DB12499', ' DB13958', ' DB14539', ' DB14583', ' DB01380', ' DB01420', ' DB08804', ' DB13943', ' DB13944', ' DB13946', ' DB16001', ' DB16002', ' DB16141', ' DB14541', ' DB08308', ' DB08619', ' DB13640', ' DB14545', ' DB14540', ' DB01395', ' DB14538', ' DB14544', ' DB13185', ' DB14543']"
DB06781,"['DB06781', ' DB14664', ' DB14637', ' DB14657', ' DB14640', ' DB14649', ' DB15777', ' DB15821', ' DB18738', ' DB01047', ' DB12322', ' DB14634', ' DB01013', ' DB00223', ' DB00663', ' DB12553', ' DB00591', ' DB00588', ' DB09095', ' DB14643', ' DB14662', ' DB14653', ' DB00288', ' DB14652', ' DB00596', ' DB14632', ' DB15999', ' DB14633', ' DB14644', ' DB01384']"
DB06786,"['DB06786', ' DB00846', ' DB14673', ' DB00591', ' DB01047', ' DB00288', ' DB18738', ' DB00180', ' DB14662', ' DB13664', ' DB08973', ' DB01260']"
DB06788,"['DB06788', ' DB00007', ' DB06825', ' DB11510', ' DB00666', ' DB18169', ' DB06719', ' DB00644', ' DB04931', ' DB14803', ' DB05479', ' DB15314', ' DB14027', ' DB01284', ' DB13298', ' DB15194', ' DB00014', ' DB15687', ' DB13928', ' DB11724', ' DB11700', ' DB15272', ' DB01278', ' DB14786', ' DB16146', ' DB12199', ' DB17938', ' DB16013', ' DB05724', ' DB15355']"
DB06825,"['DB00007', ' DB06825', ' DB11510', ' DB00666', ' DB18169', ' DB06719', ' DB00644', ' DB04931', ' DB06788', ' DB14027', ' DB05479', ' DB15314', ' DB15194', ' DB01284', ' DB13298', ' DB15687', ' DB00014', ' DB11724', ' DB13928', ' DB14803', ' DB15272', ' DB17938', ' DB12199', ' DB11700', ' DB16013', ' DB14786', ' DB06610', ' DB14777', ' DB11720', ' DB16146']"
DB06870,"['DB02998', ' DB06870', ' DB11372', ' DB11551', ' DB11619', ' DB13563', ' DB09123', ' DB13129', ' DB14660', ' DB11636', ' DB11529', ' DB09015', ' DB13602', ' DB13857', ' DB05786', ' DB06543']"
DB06879,"['DB06879', ' DB07405', ' DB08750', ' DB07318']"
DB06976,"['DB06976', ' DB04186']"
DB06987,"['DB00335', ' DB06987', ' DB13443', ' DB00264', ' DB00187', ' DB00195', ' DB09351']"
DB07011,['DB07011']
DB07013,['DB07013']
DB07110,"['DB07110', ' DB09224']"
DB07117,['DB07117']
DB07123,['DB07123']
DB07132,"['DB07132', ' DB07033']"
DB07228,"['DB07228', ' DB07311']"
DB07242,"['DB07242', ' DB08166']"
DB07247,"['DB07247', ' DB03159']"
DB07306,"['DB07306', ' DB07388']"
DB07314,['DB07314']
DB07360,"['DB07360', ' DB06134', ' DB07362']"
DB07362,"['DB07362', ' DB07360', ' DB06134']"
DB07373,"['DB07373', ' DB12194', ' DB00990', ' DB00896', ' DB00860', ' DB00959', ' DB00396', ' DB01434', ' DB01536', ' DB00635', ' DB09383', ' DB12952', ' DB01541', ' DB13586', ' DB01451', ' DB13208']"
DB07384,"['DB07384', ' DB13087', ' DB03360', ' DB03927', ' DB02370', ' DB01815', ' DB02578']"
DB07388,"['DB07388', ' DB07306']"
DB07405,"['DB07405', ' DB08750', ' DB07318', ' DB06879']"
DB07419,"['DB07419', ' DB12078', ' DB07769', ' DB07422', ' DB07421', ' DB07423']"
DB07423,"['DB07423', ' DB07769', ' DB07422', ' DB12078', ' DB07454', ' DB07421', ' DB07419']"
DB07447,"['DB02901', ' DB07447', ' DB13587', ' DB00858', ' DB02854', ' DB05087', ' DB11859', ' DB12308', ' DB12972', ' DB11371', ' DB06622', ' DB08956', ' DB16260', ' DB03619', ' DB01586', ' DB02659', ' DB05990', ' DB06777', ' DB02817', ' DB11789', ' DB11622', ' DB18044', ' DB01479', ' DB01513', ' DB01530', ' DB03882', ' DB03926', ' DB16870', ' DB01561', ' DB04693']"
DB07451,['DB07451']
DB07467,"['DB00808', ' DB07467']"
DB07622,['DB07622']
DB07672,['DB07672']
DB07689,"['DB07689', ' DB07765', ' DB08878', ' DB06178', ' DB00563', ' DB00158', ' DB16620', ' DB08406']"
DB07701,"['DB00843', ' DB07701']"
DB07765,"['DB07765', ' DB07689', ' DB08878', ' DB00563', ' DB06178', ' DB16620', ' DB00158', ' DB08406']"
DB07768,"['DB00624', ' DB01471', ' DB01543', ' DB01564', ' DB05830', ' DB06710', ' DB07768', ' DB11429', ' DB12787', ' DB13169', ' DB13533', ' DB14093', ' DB13710', ' DB13230', ' DB14570', ' DB01481', ' DB01572', ' DB00253', ' DB18000', ' DB00367', ' DB00717', ' DB09389', ' DB14584', ' DB04652', ' DB01485', ' DB01500', ' DB01540', ' DB04630', ' DB00741', ' DB13089']"
DB07789,['DB07789']
DB07807,['DB07807']
DB07817,['DB07817']
DB07859,"['DB07859', ' DB07857', ' DB07858']"
DB07917,"['DB07917', ' DB01146']"
DB07934,['DB07934']
DB07968,"['DB07968', ' DB07395']"
DB08005,"['DB08005', ' DB15343']"
DB08013,"['DB08013', ' DB08014', ' DB08012']"
DB08014,"['DB08014', ' DB08013', ' DB08012']"
DB08043,['DB08043']
DB08061,['DB08061']
DB08064,['DB08064']
DB08071,"['DB08071', ' DB01463', ' DB03575', ' DB01549']"
DB08095,['DB08095']
DB08166,"['DB08166', ' DB07242']"
DB08192,['DB08192']
DB08283,"['DB08283', ' DB00419', ' DB14872', ' DB17619', ' DB17804', ' DB00491', ' DB01816', ' DB02034', ' DB03206', ' DB03955', ' DB05018', ' DB04878']"
DB08357,"['DB02042', ' DB02078', ' DB02327', ' DB02343', ' DB02580', ' DB03394', ' DB03508', ' DB03556', ' DB04332', ' DB06867', ' DB07344', ' DB08357', ' DB14000', ' DB02935']"
DB08366,"['DB08366', ' DB08407']"
DB08385,['DB08385']
DB08387,"['DB08387', ' DB08386', ' DB08384']"
DB08388,['DB08388']
DB08400,['DB08400']
DB08421,['DB08421']
DB08469,"['DB08469', ' DB08471']"
DB08471,"['DB08471', ' DB08469']"
DB08619,"['DB08308', ' DB08619', ' DB08804', ' DB13943', ' DB13944', ' DB13946', ' DB16001', ' DB16002', ' DB16141', ' DB01420', ' DB13958', ' DB02329', ' DB01395', ' DB08547', ' DB06789', ' DB14677', ' DB00603', ' DB11440', ' DB13185', ' DB14678', ' DB12499', ' DB13640', ' DB01134', ' DB14540', ' DB14544', ' DB14545', ' DB14543', ' DB15984', ' DB14538', ' DB06780']"
DB08683,"['DB08683', ' DB17051', ' DB06469', ' DB02010', ' DB02152', ' DB05403', ' DB17029', ' DB06595', ' DB14729', ' DB01933', ' DB06362', ' DB04882']"
DB08750,"['DB08750', ' DB07405', ' DB07318', ' DB06879']"
DB08804,"['DB08804', ' DB13943', ' DB13944', ' DB13946', ' DB16001', ' DB16002', ' DB16141', ' DB01420', ' DB13958', ' DB08308', ' DB08619', ' DB01395', ' DB06789', ' DB14677', ' DB13185', ' DB14678', ' DB13640', ' DB00603', ' DB11440', ' DB02329', ' DB12499', ' DB08547', ' DB01134', ' DB15984', ' DB14544', ' DB06780', ' DB14540', ' DB14583', ' DB14639', ' DB14543']"
DB08807,"['DB08807', ' DB13530']"
DB08861,"['DB08861', ' DB09059', ' DB13798', ' DB08890', ' DB12495', ' DB14642', ' DB00035', ' DB15195', ' DB08856', ' DB05034', ' DB06283', ' DB12668']"
DB08905,"['DB08905', ' DB01485', ' DB01500', ' DB01540', ' DB13230', ' DB14570', ' DB00396', ' DB01434', ' DB01536', ' DB13710', ' DB04652', ' DB00624', ' DB01471', ' DB01543', ' DB01564', ' DB05830', ' DB06710', ' DB07768', ' DB11429', ' DB12787', ' DB13169', ' DB13533', ' DB14093', ' DB14584', ' DB00253', ' DB18000', ' DB04630', ' DB00741', ' DB14681', ' DB13185']"
DB08906,"['DB08906', ' DB00588', ' DB14512', ' DB13867']"
DB08925,"['DB08925', ' DB00745', ' DB06413']"
DB08941,"['DB08941', ' DB00867']"
DB08957,"['DB08957', ' DB01102', ' DB00668', ' DB01064', ' DB12313', ' DB08985', ' DB13206', ' DB00368', ' DB00388', ' DB13559', ' DB00221', ' DB01288', ' DB00816', ' DB00871']"
DB08961,['DB08961']
DB08970,"['DB08970', ' DB00443', ' DB01234', ' DB11522', ' DB13491', ' DB00324', ' DB00620', ' DB00547', ' DB11750', ' DB00223', ' DB00663', ' DB12553', ' DB14634', ' DB09095', ' DB14640', ' DB14649', ' DB14669', ' DB00596', ' DB13208', ' DB00687', ' DB01384', ' DB09378', ' DB13728', ' DB08971', ' DB13158', ' DB00860', ' DB00959', ' DB13223', ' DB01185', ' DB14664']"
DB08971,"['DB08971', ' DB13223', ' DB01384', ' DB09378', ' DB09095', ' DB00223', ' DB00663', ' DB12553', ' DB00838', ' DB15777', ' DB15821', ' DB00596', ' DB14637', ' DB14657', ' DB00324', ' DB00547', ' DB00443', ' DB01234', ' DB11522', ' DB13491', ' DB14664', ' DB13728', ' DB00620', ' DB08970', ' DB00896', ' DB00860', ' DB00959', ' DB14652', ' DB11750', ' DB14653']"
DB08973,"['DB08973', ' DB00180', ' DB14662', ' DB13856', ' DB00591', ' DB01047', ' DB18738', ' DB00846', ' DB14652', ' DB01260', ' DB14673', ' DB14653', ' DB01222', ' DB00288', ' DB06786', ' DB01410', ' DB00838']"
DB08985,"['DB08985', ' DB00388', ' DB00816', ' DB00871', ' DB00668', ' DB01064', ' DB13378', ' DB08957', ' DB01288', ' DB00368', ' DB01102', ' DB09203', ' DB13917', ' DB13494', ' DB00221', ' DB00610']"
DB08989,"['DB08989', ' DB04924', ' DB00662']"
DB09015,"['DB09015', ' DB11636', ' DB11529', ' DB12221', ' DB13129', ' DB00378', ' DB09124', ' DB09123', ' DB00351', ' DB13981', ' DB13528', ' DB02998', ' DB06870', ' DB11372', ' DB11551', ' DB13602', ' DB13857', ' DB11619', ' DB13563', ' DB00624', ' DB01471', ' DB01543', ' DB01564', ' DB05830', ' DB06710', ' DB07768', ' DB11429', ' DB12787', ' DB13169', ' DB13533']"
DB09022,['DB09022']
DB09069,"['DB09069', ' DB14065']"
DB09070,"['DB09070', ' DB09371', ' DB00367', ' DB00717', ' DB09389', ' DB00294', ' DB06730', ' DB12474', ' DB00624', ' DB01471', ' DB01543', ' DB01564', ' DB05830', ' DB06710', ' DB07768', ' DB11429', ' DB12787', ' DB13169', ' DB13533', ' DB14093', ' DB13710', ' DB00304']"
DB09080,['DB09080']
DB09082,"['DB09082', ' DB00938']"
DB09091,"['DB09091', ' DB00741', ' DB04652', ' DB04630', ' DB00253', ' DB13230', ' DB14570', ' DB18000', ' DB13710', ' DB00624', ' DB01471', ' DB01543', ' DB01564', ' DB05830', ' DB06710', ' DB07768', ' DB11429', ' DB12787', ' DB13169', ' DB13533', ' DB14093', ' DB14584', ' DB01485', ' DB01500', ' DB01540', ' DB14539', ' DB14681', ' DB16935', ' DB01481', ' DB01572']"
DB09095,"['DB09095', ' DB00223', ' DB00663', ' DB12553', ' DB00596', ' DB08971', ' DB01384', ' DB09378', ' DB13223', ' DB00324', ' DB00547', ' DB00443', ' DB01234', ' DB11522', ' DB13491', ' DB14664', ' DB13728', ' DB00620', ' DB08970', ' DB11750', ' DB13867', ' DB06781', ' DB15777', ' DB15821', ' DB14637', ' DB14657', ' DB00838', ' DB14640', ' DB14649', ' DB00687']"
DB09168,"['DB09168', ' DB01571', ' DB09171', ' DB09178', ' DB09182', ' DB01557', ' DB00813', ' DB01532', ' DB09173', ' DB09169']"
DB09169,"['DB09169', ' DB09178', ' DB01571', ' DB09171', ' DB00813', ' DB09173', ' DB01557', ' DB01532', ' DB01570', ' DB09177', ' DB01453', ' DB09179', ' DB01439', ' DB09182', ' DB13653', ' DB09168']"
DB09170,"['DB09170', ' DB09180', ' DB01439', ' DB01470', ' DB00708', ' DB01453', ' DB01570']"
DB09171,"['DB09171', ' DB00813', ' DB01571', ' DB09173', ' DB01557', ' DB09178', ' DB01532', ' DB09169', ' DB09177', ' DB01453', ' DB01570', ' DB13653', ' DB09179', ' DB09182', ' DB01439', ' DB09180', ' DB09168', ' DB01470']"
DB09173,"['DB09173', ' DB00813', ' DB01557', ' DB09171', ' DB01571', ' DB01532', ' DB09178', ' DB01453', ' DB09177', ' DB09169', ' DB01570', ' DB13653', ' DB09179', ' DB09182', ' DB09180', ' DB01439', ' DB01470', ' DB09168']"
DB09177,"['DB09177', ' DB00813', ' DB09173', ' DB09171', ' DB01571', ' DB01557', ' DB01532', ' DB09178', ' DB01453', ' DB09169', ' DB01570', ' DB13653', ' DB09179', ' DB09180', ' DB09182']"
DB09180,"['DB09180', ' DB01439', ' DB01470', ' DB09170', ' DB00708', ' DB00813', ' DB09173', ' DB01557', ' DB09171', ' DB01571', ' DB01532', ' DB01453', ' DB09177']"
DB09182,"['DB09182', ' DB00813', ' DB09173', ' DB01571', ' DB13489', ' DB01557', ' DB09171', ' DB09178', ' DB01532', ' DB09168', ' DB09169', ' DB01453', ' DB09177']"
DB09338,['DB09338']
DB09351,"['DB00195', ' DB09351', ' DB00264', ' DB00335', ' DB06987', ' DB13443']"
DB09352,"['DB09352', ' DB01472', ' DB03978', ' DB08841', ' DB03380', ' DB13703', ' DB00135', ' DB03839', ' DB00182', ' DB01576', ' DB02972', ' DB07353', ' DB11610']"
DB09378,"['DB01384', ' DB09378', ' DB08971', ' DB13223', ' DB00223', ' DB00663', ' DB09095', ' DB12553', ' DB14637', ' DB14657', ' DB00596', ' DB00838', ' DB15777', ' DB00443', ' DB01234', ' DB11522', ' DB13491', ' DB15821', ' DB00324', ' DB13728', ' DB00620', ' DB08970', ' DB00547', ' DB00860', ' DB00959', ' DB14664', ' DB11750', ' DB06781', ' DB13208', ' DB13856']"
DB09383,"['DB00635', ' DB09383', ' DB12952', ' DB00860', ' DB00959', ' DB00896', ' DB15970', ' DB14681', ' DB13208', ' DB14625', ' DB14646', ' DB01541', ' DB13586', ' DB15114', ' DB12081', ' DB07373', ' DB12194', ' DB01569', ' DB13158', ' DB13230', ' DB14570', ' DB00547']"
DB09401,"['DB09401', ' DB14474', ' DB13121']"
DB09510,"['DB03904', ' DB09510', ' DB09513', ' DB11129']"
DB09513,"['DB03904', ' DB09510', ' DB09513', ' DB11129']"
DB09571,"['DB01577', ' DB09571', ' DB01365', ' DB13285', ' DB00182', ' DB01576', ' DB01037', ' DB12650', ' DB00191', ' DB02972', ' DB01550', ' DB04677', ' DB13852', ' DB15339', ' DB09250', ' DB00852', ' DB01364', ' DB14752']"
DB11278,"['DB11278', ' DB00852', ' DB01364', ' DB14752', ' DB11587', ' DB00397', ' DB01486', ' DB11610', ' DB00867']"
DB11323,"['DB11323', ' DB15576', ' DB09543', ' DB13628', ' DB11062']"
DB11429,"['DB00624', ' DB01471', ' DB01543', ' DB01564', ' DB05830', ' DB06710', ' DB07768', ' DB11429', ' DB12787', ' DB13169', ' DB13533', ' DB14093', ' DB13710', ' DB13230', ' DB14570', ' DB01481', ' DB01572', ' DB00253', ' DB18000', ' DB00367', ' DB00717', ' DB09389', ' DB14584', ' DB04652', ' DB01485', ' DB01500', ' DB01540', ' DB04630', ' DB00741', ' DB13089']"
DB11466,['DB11466']
DB11478,['DB11478']
DB11479,"['DB11479', ' DB06477']"
DB11487,"['DB11487', ' DB14640', ' DB14649', ' DB14634', ' DB14703', ' DB01013', ' DB06781', ' DB14637', ' DB14657', ' DB14664', ' DB00288', ' DB00443', ' DB01234', ' DB11522', ' DB13491', ' DB15566']"
DB11510,"['DB00007', ' DB06825', ' DB11510', ' DB00666', ' DB18169', ' DB06719', ' DB00644', ' DB04931', ' DB06788', ' DB14027', ' DB05479', ' DB15314', ' DB15194', ' DB01284', ' DB13298', ' DB15687', ' DB00014', ' DB11724', ' DB13928', ' DB14803', ' DB15272', ' DB17938', ' DB12199', ' DB11700', ' DB16013', ' DB14786', ' DB06610', ' DB14777', ' DB11720', ' DB16146']"
DB11541,"['DB11541', ' DB06152', ' DB00867', ' DB13206', ' DB08954', ' DB00841', ' DB11610', ' DB00598']"
DB11551,"['DB02998', ' DB06870', ' DB11372', ' DB11551', ' DB11619', ' DB13563', ' DB09123', ' DB13129', ' DB14660', ' DB11636', ' DB11529', ' DB09015', ' DB13602', ' DB13857', ' DB05786', ' DB06543']"
DB11587,"['DB11587', ' DB11278', ' DB00852', ' DB01364', ' DB14752', ' DB00867', ' DB11610', ' DB00397', ' DB01486', ' DB15902', ' DB01579', ' DB13285']"
DB11609,"['DB11609', ' DB00333', ' DB13515', ' DB15198', ' DB01491', ' DB13436', ' DB06738', ' DB15597', ' DB13759']"
DB11610,"['DB11610', ' DB00867', ' DB00852', ' DB01364', ' DB09203', ' DB14752', ' DB11278', ' DB11587', ' DB06152', ' DB13206', ' DB06707', ' DB00221', ' DB08954', ' DB13251', ' DB00397', ' DB01486', ' DB11541', ' DB00668', ' DB09352', ' DB01288']"
DB11619,"['DB11619', ' DB13563', ' DB02998', ' DB06870', ' DB11372', ' DB11551', ' DB09123', ' DB13129', ' DB14660', ' DB11529', ' DB11636', ' DB09015', ' DB05786']"
DB11682,['DB11682']
DB11750,"['DB11750', ' DB00324', ' DB00596', ' DB00443', ' DB01234', ' DB11522', ' DB13491', ' DB00547', ' DB00620', ' DB08970', ' DB13158', ' DB01013', ' DB00223', ' DB00663', ' DB09095', ' DB12553', ' DB13728', ' DB14640', ' DB14649', ' DB01384', ' DB09378', ' DB14669', ' DB00687', ' DB08971', ' DB14634', ' DB00764', ' DB13223', ' DB00838', ' DB14664', ' DB01185']"
DB11837,"['DB11837', ' DB16832']"
DB11906,"['DB11906', ' DB05624', ' DB00106', ' DB06699', ' DB06785', ' DB00050', ' DB12581', ' DB14777', ' DB12777', ' DB18252', ' DB00027', ' DB12054', ' DB06610', ' DB17938', ' DB12748', ' DB18190']"
DB11921,['DB11921']
DB12078,"['DB12078', ' DB07419', ' DB07039', ' DB07421', ' DB07769', ' DB07423', ' DB07422']"
DB12097,"['DB12097', ' DB13334', ' DB11678']"
DB12100,"['DB12100', ' DB15784', ' DB01366', ' DB05039']"
DB12134,['DB12134']
DB12193,"['DB12193', ' DB06444', ' DB14011', ' DB00470', ' DB11755', ' DB00486', ' DB05229', ' DB18464']"
DB12194,"['DB07373', ' DB12194', ' DB00990', ' DB00896', ' DB00860', ' DB00959', ' DB00396', ' DB01434', ' DB01536', ' DB00635', ' DB09383', ' DB12952', ' DB01541', ' DB13586', ' DB01451', ' DB13208']"
DB12221,"['DB12221', ' DB00351', ' DB13981', ' DB14659', ' DB09015', ' DB01395', ' DB08804', ' DB13943', ' DB13944', ' DB13946', ' DB16001', ' DB16002', ' DB16141', ' DB01420', ' DB15903', ' DB08308', ' DB08619', ' DB04839', ' DB13958', ' DB14660', ' DB14678', ' DB13640', ' DB13185', ' DB11636', ' DB06789', ' DB14677', ' DB02329', ' DB12499', ' DB00603', ' DB11440']"
DB12248,"['DB12248', ' DB15902', ' DB12803']"
DB12255,['DB12255']
DB12266,"['DB12266', ' DB05168', ' DB05735', ' DB11467', ' DB11191', ' DB00200', ' DB15413', ' DB03469', ' DB03614', ' DB13013', ' DB02975', ' DB00361', ' DB16312', ' DB04803', ' DB11641', ' DB12559', ' DB00541', ' DB11476', ' DB12586', ' DB17390', ' DB18020', ' DB16186', ' DB03317', ' DB03906', ' DB12674', ' DB02868', ' DB00570', ' DB14733', ' DB15673', ' DB00115']"
DB12313,"['DB12313', ' DB08957', ' DB13917', ' DB00841', ' DB00988', ' DB17036', ' DB01102']"
DB12370,"['DB12370', ' DB03395', ' DB12199', ' DB15366', ' DB06763', ' DB11720', ' DB12631', ' DB18169', ' DB00666', ' DB01278', ' DB00007', ' DB06825', ' DB11510', ' DB13742']"
DB12474,"['DB12474', ' DB00304', ' DB13866', ' DB01493', ' DB01431', ' DB03696', ' DB00367', ' DB00717', ' DB09389', ' DB01474', ' DB01526', ' DB01554', ' DB05212', ' DB04704', ' DB01455', ' DB01524', ' DB09070', ' DB09371', ' DB04540', ' DB04705', ' DB14038', ' DB00294', ' DB06713']"
DB12495,"['DB12495', ' DB14642', ' DB13798', ' DB09059', ' DB00067', ' DB00035', ' DB15195', ' DB08890', ' DB06283', ' DB05034', ' DB01278', ' DB01282', ' DB08861', ' DB04894', ' DB15231', ' DB17796', ' DB09099', ' DB06791', ' DB15355', ' DB05660']"
DB12643,"['DB12643', ' DB13929', ' DB11467', ' DB05168', ' DB11191', ' DB11641', ' DB14923', ' DB03614', ' DB00361', ' DB02868', ' DB00200', ' DB15673', ' DB00541', ' DB17390', ' DB05735', ' DB00309', ' DB03469', ' DB02975', ' DB12674', ' DB00570', ' DB16186', ' DB12586', ' DB00615', ' DB04803', ' DB03317', ' DB03906', ' DB13013', ' DB18020', ' DB16285', ' DB18578']"
DB12713,"['DB12713', ' DB06292', ' DB12236', ' DB09038', ' DB16209', ' DB11827']"
DB12779,"['DB12779', ' DB13692', ' DB12093', ' DB00565']"
DB12787,"['DB00624', ' DB01471', ' DB01543', ' DB01564', ' DB05830', ' DB06710', ' DB07768', ' DB11429', ' DB12787', ' DB13169', ' DB13533', ' DB14093', ' DB13710', ' DB13230', ' DB14570', ' DB01481', ' DB01572', ' DB00253', ' DB18000', ' DB00367', ' DB00717', ' DB09389', ' DB14584', ' DB04652', ' DB01485', ' DB01500', ' DB01540', ' DB04630', ' DB00741', ' DB13089']"
DB12846,"['DB12846', ' DB12927', ' DB12926', ' DB09092', ' DB01482', ' DB13636', ' DB13449', ' DB18002']"
DB12861,"['DB12861', ' DB06468']"
DB12923,"['DB12923', ' DB00661', ' DB14063', ' DB06669', ' DB12605']"
DB12952,"['DB00635', ' DB09383', ' DB12952', ' DB00860', ' DB00959', ' DB00896', ' DB15970', ' DB14681', ' DB13208', ' DB14625', ' DB14646', ' DB01541', ' DB13586', ' DB15114', ' DB12081', ' DB07373', ' DB12194', ' DB01569', ' DB13158', ' DB13230', ' DB14570', ' DB00547']"
DB13003,['DB13003']
DB13074,"['DB13074', ' DB00027', ' DB12748', ' DB18252', ' DB06610', ' DB02255', ' DB12054', ' DB14777', ' DB16013', ' DB17938', ' DB06645', ' DB12777', ' DB18527', ' DB04894', ' DB12678', ' DB00183', ' DB12088', ' DB17536', ' DB06791']"
DB13108,"['DB13108', ' DB15339', ' DB00937', ' DB01560']"
DB13139,"['DB01001', ' DB13139', ' DB00938', ' DB01064', ' DB13206']"
DB13158,"['DB13158', ' DB11750', ' DB00324', ' DB00547', ' DB00596', ' DB00443', ' DB01234', ' DB11522', ' DB13491', ' DB08970', ' DB00620', ' DB01013', ' DB15970', ' DB09095', ' DB00635', ' DB09383', ' DB12952', ' DB00223', ' DB00663', ' DB13728', ' DB12553']"
DB13169,"['DB00624', ' DB01471', ' DB01543', ' DB01564', ' DB05830', ' DB06710', ' DB07768', ' DB11429', ' DB12787', ' DB13169', ' DB13533', ' DB14093', ' DB13710', ' DB13230', ' DB14570', ' DB01481', ' DB01572', ' DB00253', ' DB18000', ' DB00367', ' DB00717', ' DB09389', ' DB14584', ' DB04652', ' DB01485', ' DB01500', ' DB01540', ' DB04630', ' DB00741', ' DB13089']"
DB13185,"['DB13185', ' DB08804', ' DB13943', ' DB13944', ' DB13946', ' DB16001', ' DB16002', ' DB16141', ' DB01420', ' DB06789', ' DB14677', ' DB13958', ' DB08308', ' DB08619', ' DB01395', ' DB00603', ' DB11440', ' DB14678', ' DB13640', ' DB12499', ' DB02329', ' DB08547', ' DB14544', ' DB01134', ' DB14540', ' DB14583', ' DB14543', ' DB01485', ' DB01500', ' DB01540']"
DB13208,"['DB13208', ' DB00860', ' DB00959', ' DB00896', ' DB00635', ' DB09383', ' DB12952', ' DB08970', ' DB15114', ' DB00873', ' DB12081', ' DB01569', ' DB14631', ' DB00240', ' DB00741', ' DB00443', ' DB01234', ' DB11522', ' DB13491', ' DB15566', ' DB00764', ' DB00324', ' DB00620', ' DB01384', ' DB09378', ' DB00547', ' DB14584', ' DB14632', ' DB01541', ' DB13586']"
DB13238,"['DB13238', ' DB02995']"
DB13247,"['DB13247', ' DB09210', ' DB01202', ' DB11868', ' DB04541']"
DB13251,"['DB13251', ' DB09203', ' DB08841', ' DB00368', ' DB13206', ' DB03430', ' DB13378', ' DB11610', ' DB00668']"
DB13284,['DB13284']
DB13285,"['DB13285', ' DB01577', ' DB09571', ' DB01037', ' DB12650', ' DB01365', ' DB01550', ' DB04677', ' DB13852', ' DB00182', ' DB01576', ' DB09480', ' DB00937', ' DB13438', ' DB00191', ' DB02972', ' DB11587', ' DB15339']"
DB13298,"['DB13298', ' DB05479', ' DB15314', ' DB01284', ' DB15687', ' DB04931', ' DB14027', ' DB15194', ' DB18169', ' DB13928', ' DB00007', ' DB06825', ' DB11510', ' DB11724', ' DB06719', ' DB14806', ' DB00666', ' DB14803', ' DB15272', ' DB00644', ' DB06260', ' DB18634', ' DB16146', ' DB13742', ' DB06788', ' DB00014', ' DB15366', ' DB14786', ' DB05724', ' DB00403']"
DB13330,['DB13330']
DB13341,"['DB13341', ' DB01230']"
DB13378,"['DB13378', ' DB00368', ' DB00388', ' DB08985', ' DB00610', ' DB00668', ' DB00816', ' DB00988', ' DB00871', ' DB06707', ' DB13251', ' DB01064']"
DB13386,"['DB13386', ' DB02342', ' DB04573', ' DB07702', ' DB01357', ' DB00783', ' DB12487', ' DB12235', ' DB07706', ' DB13952', ' DB00977', ' DB07707', ' DB04575', ' DB15690', ' DB13953', ' DB13956', ' DB07891', ' DB13954', ' DB13418', ' DB07678', ' DB00655', ' DB13955', ' DB01196', ' DB14641', ' DB03860']"
DB13398,['DB13398']
DB13405,['DB13405']
DB13415,['DB13415']
DB13430,"['DB13430', ' DB15861', ' DB13532', ' DB00606', ' DB01021', ' DB08645', ' DB00232', ' DB13989', ' DB00999', ' DB08303', ' DB01324', ' DB00436']"
DB13438,"['DB13438', ' DB13285']"
DB13443,"['DB00335', ' DB06987', ' DB13443', ' DB00264', ' DB00187', ' DB00195', ' DB09351']"
DB13454,"['DB13454', ' DB01452', ' DB01469', ' DB01573', ' DB01480', ' DB01497', ' DB01466', ' DB00318', ' DB06409', ' DB01477', ' DB09209', ' DB15465', ' DB00295', ' DB11490', ' DB01568', ' DB13458', ' DB15341', ' DB16117', ' DB01538', ' DB14146', ' DB09049', ' DB06230', ' DB01512', ' DB16072', ' DB11691', ' DB00844', ' DB00497', ' DB00921', ' DB01450', ' DB01548']"
DB13455,"['DB13455', ' DB00181', ' DB08891', ' DB12098', ' DB00120', ' DB02556', ' DB02024', ' DB07673', ' DB03400']"
DB13472,['DB13472']
DB13482,['DB13482']
DB13484,"['DB13484', ' DB14639']"
DB13491,"['DB00443', ' DB01234', ' DB11522', ' DB13491', ' DB00324', ' DB00620', ' DB00547', ' DB08970', ' DB11750', ' DB00223', ' DB00663', ' DB09095', ' DB12553', ' DB14640', ' DB14649', ' DB14669', ' DB00687', ' DB01384', ' DB09378', ' DB00596', ' DB14634', ' DB00860', ' DB00959', ' DB08971', ' DB13728', ' DB13158', ' DB13223', ' DB01185', ' DB13208', ' DB14664']"
DB13515,"['DB00333', ' DB13515', ' DB15198', ' DB01491', ' DB11609', ' DB15597', ' DB13436', ' DB13361', ' DB01498']"
DB13530,"['DB13530', ' DB00960', ' DB07543', ' DB08807', ' DB01136']"
DB13532,"['DB13532', ' DB15861', ' DB13430', ' DB00606', ' DB01021', ' DB08645', ' DB00232', ' DB13989', ' DB00999', ' DB08303', ' DB01324', ' DB00436']"
DB13533,"['DB00624', ' DB01471', ' DB01543', ' DB01564', ' DB05830', ' DB06710', ' DB07768', ' DB11429', ' DB12787', ' DB13169', ' DB13533', ' DB14093', ' DB13710', ' DB13230', ' DB14570', ' DB01481', ' DB01572', ' DB00253', ' DB18000', ' DB00367', ' DB00717', ' DB09389', ' DB14584', ' DB04652', ' DB01485', ' DB01500', ' DB01540', ' DB04630', ' DB00741', ' DB13089']"
DB13559,"['DB13559', ' DB00221', ' DB01102', ' DB08957', ' DB01288']"
DB13561,"['DB13561', ' DB00865']"
DB13574,['DB13574']
DB13586,"['DB01541', ' DB13586', ' DB00896', ' DB01569', ' DB00860', ' DB00959', ' DB00635', ' DB09383', ' DB12952', ' DB07373', ' DB12194', ' DB13208', ' DB14639', ' DB15114']"
DB13587,"['DB02901', ' DB07447', ' DB13587', ' DB00858', ' DB02854', ' DB05087', ' DB11859', ' DB12308', ' DB12972', ' DB11371', ' DB06622', ' DB08956', ' DB16260', ' DB03619', ' DB01586', ' DB02659', ' DB05990', ' DB06777', ' DB02817', ' DB11789', ' DB11622', ' DB18044', ' DB01479', ' DB01513', ' DB01530', ' DB03882', ' DB03926', ' DB16870', ' DB01561', ' DB04693']"
DB13605,"['DB13605', ' DB00454', ' DB01518', ' DB01505', ' DB01081', ' DB01475', ' DB08988', ' DB01464', ' DB00913', ' DB01501']"
DB13606,"['DB13606', ' DB00854', ' DB14682', ' DB00514', ' DB00504', ' DB00652', ' DB13810', ' DB00611', ' DB01209', ' DB12273']"
DB13617,['DB13617']
DB13624,"['DB13624', ' DB01465']"
DB13625,"['DB13625', ' DB00983', ' DB01274']"
DB13655,"['DB13655', ' DB08840', ' DB06397', ' DB02701']"
DB13663,"['DB13663', ' DB01144']"
DB13692,"['DB13692', ' DB12779', ' DB12093', ' DB01226', ' DB00565', ' DB01199', ' DB01336', ' DB00416', ' DB14066', ' DB18146', ' DB01135', ' DB13393', ' DB00732']"
DB13703,"['DB13703', ' DB00610', ' DB09352', ' DB03552', ' DB06707', ' DB00988']"
DB13710,"['DB13710', ' DB00624', ' DB01471', ' DB01543', ' DB01564', ' DB05830', ' DB06710', ' DB07768', ' DB11429', ' DB12787', ' DB13169', ' DB13533', ' DB14093', ' DB13230', ' DB14570', ' DB01481', ' DB01572', ' DB00253', ' DB18000', ' DB14584', ' DB04652', ' DB00367', ' DB00717', ' DB09389', ' DB04630', ' DB00741', ' DB01485', ' DB01500', ' DB01540', ' DB13089']"
DB13723,['DB13723']
DB13728,"['DB13728', ' DB00223', ' DB00663', ' DB00596', ' DB09095', ' DB12553', ' DB01384', ' DB09378', ' DB00443', ' DB01234', ' DB11522', ' DB13491', ' DB11750', ' DB08970', ' DB00324', ' DB08971', ' DB14664', ' DB00620', ' DB13223', ' DB00547', ' DB13867', ' DB06781', ' DB00838', ' DB14637', ' DB14657', ' DB14640', ' DB14649', ' DB00591', ' DB14669', ' DB15777']"
DB13740,"['DB13740', ' DB00593']"
DB13758,['DB13758']
DB13767,['DB13767']
DB13792,"['DB13792', ' DB15959']"
DB13801,['DB13801']
DB13802,"['DB13802', ' DB02394', ' DB03852', ' DB11174', ' DB13121']"
DB13803,['DB13803']
DB13805,"['DB13805', ' DB01354', ' DB13737', ' DB01355', ' DB13377']"
DB13827,"['DB13827', ' DB13064']"
DB13852,"['DB13852', ' DB13285', ' DB01550', ' DB01577', ' DB09571', ' DB01365', ' DB01037', ' DB12650', ' DB04677']"
DB13856,"['DB13856', ' DB00838', ' DB08973', ' DB14652', ' DB14653', ' DB01384', ' DB09378', ' DB00240', ' DB08971', ' DB12553', ' DB00596', ' DB13223', ' DB00764', ' DB00223', ' DB00663']"
DB13867,"['DB13867', ' DB00588', ' DB00223', ' DB00663', ' DB09095', ' DB12553', ' DB00596', ' DB14664', ' DB13728', ' DB01384', ' DB09378', ' DB06781', ' DB00324', ' DB08971', ' DB00443', ' DB01234', ' DB11522', ' DB13491', ' DB13223', ' DB12322', ' DB08970', ' DB00547', ' DB11750', ' DB15777', ' DB14637', ' DB14657', ' DB00620', ' DB00591', ' DB08906', ' DB15821']"
DB13917,"['DB13917', ' DB00988', ' DB12313', ' DB00668', ' DB13394', ' DB00388', ' DB00368', ' DB01064', ' DB08985']"
DB13929,"['DB13929', ' DB12643', ' DB05168', ' DB11191', ' DB02868', ' DB03614', ' DB00541', ' DB17390', ' DB00309', ' DB12586', ' DB11467', ' DB00570', ' DB00200', ' DB11641', ' DB13013', ' DB12674', ' DB00361', ' DB04803', ' DB03469', ' DB11713', ' DB05735', ' DB03317', ' DB02667', ' DB16186', ' DB03906', ' DB02975', ' DB11691', ' DB05109', ' DB02832', ' DB16312']"
DB13940,"['DB13940', ' DB01458']"
DB13943,"['DB08804', ' DB13943', ' DB13944', ' DB13946', ' DB16001', ' DB16002', ' DB16141', ' DB01420', ' DB13958', ' DB08308', ' DB08619', ' DB01395', ' DB06789', ' DB14677', ' DB13185', ' DB14678', ' DB13640', ' DB00603', ' DB11440', ' DB02329', ' DB12499', ' DB08547', ' DB01134', ' DB15984', ' DB14544', ' DB06780', ' DB14540', ' DB14583', ' DB14639', ' DB14543']"
DB13944,"['DB08804', ' DB13943', ' DB13944', ' DB13946', ' DB16001', ' DB16002', ' DB16141', ' DB01420', ' DB13958', ' DB08308', ' DB08619', ' DB01395', ' DB06789', ' DB14677', ' DB13185', ' DB14678', ' DB13640', ' DB00603', ' DB11440', ' DB02329', ' DB12499', ' DB08547', ' DB01134', ' DB15984', ' DB14544', ' DB06780', ' DB14540', ' DB14583', ' DB14639', ' DB14543']"
DB13946,"['DB08804', ' DB13943', ' DB13944', ' DB13946', ' DB16001', ' DB16002', ' DB16141', ' DB01420', ' DB13958', ' DB08308', ' DB08619', ' DB01395', ' DB06789', ' DB14677', ' DB13185', ' DB14678', ' DB13640', ' DB00603', ' DB11440', ' DB02329', ' DB12499', ' DB08547', ' DB01134', ' DB15984', ' DB14544', ' DB06780', ' DB14540', ' DB14583', ' DB14639', ' DB14543']"
DB13947,['DB13947']
DB13951,"['DB13951', ' DB14655', ' DB00621', ' DB08510', ' DB14665']"
DB13958,"['DB13958', ' DB01420', ' DB08804', ' DB13943', ' DB13944', ' DB13946', ' DB16001', ' DB16002', ' DB16141', ' DB00603', ' DB11440', ' DB08308', ' DB08619', ' DB01395', ' DB13640', ' DB06789', ' DB14677', ' DB12499', ' DB13185', ' DB14678', ' DB15984', ' DB06780', ' DB14583', ' DB01134', ' DB02329', ' DB08547', ' DB14539', ' DB01380', ' DB14540', ' DB00624']"
DB13989,"['DB13989', ' DB01324', ' DB01021', ' DB08645', ' DB15861', ' DB00232', ' DB13430', ' DB13532', ' DB00999', ' DB00606']"
DB14011,"['DB14011', ' DB00470', ' DB11755', ' DB06444', ' DB12193', ' DB18537', ' DB18539', ' DB18540', ' DB18541', ' DB18542', ' DB00486']"
DB14093,"['DB00624', ' DB01471', ' DB01543', ' DB01564', ' DB05830', ' DB06710', ' DB07768', ' DB11429', ' DB12787', ' DB13169', ' DB13533', ' DB14093', ' DB13710', ' DB13230', ' DB14570', ' DB01481', ' DB01572', ' DB00253', ' DB18000', ' DB00367', ' DB00717', ' DB09389', ' DB14584', ' DB04652', ' DB01485', ' DB01500', ' DB01540', ' DB04630', ' DB00741', ' DB13089']"
DB14110,"['DB02202', ' DB14110', ' DB03278', ' DB04481', ' DB02606']"
DB14136,['DB14136']
DB14221,"['DB14221', ' DB00394', ' DB14643', ' DB14632', ' DB15999', ' DB14653', ' DB14633', ' DB14644', ' DB14652', ' DB15566', ' DB00240', ' DB00764', ' DB01130', ' DB01013', ' DB14538', ' DB14543', ' DB14540', ' DB14544', ' DB01410', ' DB14512', ' DB06781', ' DB14637', ' DB14657', ' DB14640', ' DB14649', ' DB15777', ' DB14541', ' DB14625', ' DB14646', ' DB14545']"
DB14512,"['DB14512', ' DB14221', ' DB00394', ' DB08906']"
DB14538,"['DB14538', ' DB14543', ' DB14540', ' DB14544', ' DB14541', ' DB14545', ' DB14539', ' DB12499', ' DB06789', ' DB14677', ' DB14643', ' DB08547', ' DB00603', ' DB11440', ' DB01134', ' DB14632', ' DB15999', ' DB14633', ' DB14644', ' DB01380', ' DB08308', ' DB08619', ' DB01420', ' DB15566', ' DB08804', ' DB13943', ' DB13944', ' DB13946', ' DB16001', ' DB16002']"
DB14539,"['DB14539', ' DB14541', ' DB14545', ' DB14538', ' DB14543', ' DB14540', ' DB14544', ' DB00603', ' DB11440', ' DB12499', ' DB01380', ' DB00769', ' DB15566', ' DB06780', ' DB06789', ' DB14677', ' DB14632', ' DB01134', ' DB15999', ' DB14583', ' DB08547', ' DB13958', ' DB14633', ' DB14644', ' DB05288', ' DB01420', ' DB14643', ' DB00741', ' DB08804', ' DB13944']"
DB14540,"['DB14540', ' DB14544', ' DB14543', ' DB14538', ' DB14541', ' DB14545', ' DB14539', ' DB12499', ' DB06789', ' DB14677', ' DB08547', ' DB14643', ' DB00603', ' DB11440', ' DB01134', ' DB14632', ' DB08308', ' DB08619', ' DB15999', ' DB14633', ' DB14644', ' DB08804', ' DB13943', ' DB13944', ' DB13946', ' DB16001', ' DB16002', ' DB16141', ' DB01420', ' DB01380']"
DB14541,"['DB14541', ' DB14545', ' DB14544', ' DB14539', ' DB14543', ' DB14540', ' DB14538', ' DB12499', ' DB06789', ' DB14677', ' DB15999', ' DB14632', ' DB01134', ' DB14633', ' DB14644', ' DB01380', ' DB00603', ' DB11440', ' DB15566', ' DB08547', ' DB00769', ' DB14643', ' DB06780', ' DB08804', ' DB13943', ' DB13944', ' DB13946', ' DB16001', ' DB16002', ' DB16141']"
DB14542,"['DB14542', ' DB14631', ' DB00741', ' DB04652', ' DB14669', ' DB04630', ' DB00253', ' DB09091']"
DB14543,"['DB14543', ' DB14538', ' DB14540', ' DB14544', ' DB14541', ' DB14545', ' DB14539', ' DB12499', ' DB06789', ' DB14677', ' DB14643', ' DB08547', ' DB00603', ' DB11440', ' DB14632', ' DB01134', ' DB15999', ' DB14633', ' DB14644', ' DB08308', ' DB08619', ' DB08804', ' DB13943', ' DB13944', ' DB13946', ' DB16001', ' DB16002', ' DB16141', ' DB01380', ' DB01420']"
DB14544,"['DB14544', ' DB14540', ' DB14543', ' DB14538', ' DB14541', ' DB14545', ' DB14539', ' DB12499', ' DB06789', ' DB14677', ' DB08547', ' DB14643', ' DB00603', ' DB11440', ' DB01134', ' DB15999', ' DB08804', ' DB13943', ' DB13944', ' DB13946', ' DB16001', ' DB16002', ' DB16141', ' DB14632', ' DB08308', ' DB08619', ' DB14633', ' DB14644', ' DB13185', ' DB01420']"
DB14545,"['DB14545', ' DB14541', ' DB14543', ' DB14540', ' DB14538', ' DB14544', ' DB14539', ' DB12499', ' DB14633', ' DB14644', ' DB08547', ' DB06789', ' DB14677', ' DB14632', ' DB15999', ' DB01380', ' DB01134', ' DB08308', ' DB08619', ' DB00603', ' DB11440', ' DB00769', ' DB14643', ' DB15566', ' DB06780', ' DB02329', ' DB01420', ' DB08804', ' DB13944', ' DB13946']"
DB14589,"['DB14589', ' DB04079', ' DB14108', ' DB03703']"
DB00873,"['DB00873', ' DB00860', ' DB00959', ' DB13208', ' DB00896', ' DB14596', ' DB15999', ' DB05442', ' DB15566', ' DB14632', ' DB14639', ' DB14633', ' DB14644', ' DB00894', ' DB14643', ' DB01569']"
DB14624,"['DB14624', ' DB00624', ' DB01471', ' DB01543', ' DB01564', ' DB05830', ' DB06710', ' DB07768', ' DB11429', ' DB12787', ' DB13169', ' DB13533', ' DB14093', ' DB13710', ' DB05804', ' DB13230', ' DB14570']"
DB14625,"['DB14625', ' DB14646', ' DB15566', ' DB01380', ' DB14632', ' DB15999', ' DB14633', ' DB14644', ' DB14643', ' DB05288', ' DB00635', ' DB09383', ' DB12952', ' DB12499', ' DB14640', ' DB14649', ' DB14639', ' DB14539', ' DB14637', ' DB14657', ' DB00603', ' DB11440', ' DB14541', ' DB14545', ' DB01130', ' DB01134', ' DB06780', ' DB06789', ' DB14677', ' DB14634']"
DB14631,"['DB14631', ' DB14542', ' DB14669', ' DB00860', ' DB00959', ' DB13208', ' DB00896', ' DB15835', ' DB00240']"
DB14632,"['DB14632', ' DB15999', ' DB14633', ' DB14644', ' DB15566', ' DB14643', ' DB14541', ' DB14625', ' DB14646', ' DB14545', ' DB01130', ' DB14640', ' DB14649', ' DB14543', ' DB14540', ' DB14539', ' DB14637', ' DB14657', ' DB14538', ' DB14544', ' DB00394', ' DB14221', ' DB15821', ' DB05288', ' DB15777', ' DB01410', ' DB14634', ' DB12499', ' DB14639', ' DB00860']"
DB14633,"['DB14633', ' DB14644', ' DB14632', ' DB15999', ' DB15566', ' DB14643', ' DB14545', ' DB14625', ' DB14646', ' DB01130', ' DB14541', ' DB14543', ' DB14640', ' DB14649', ' DB14540', ' DB14538', ' DB14544', ' DB14539', ' DB14637', ' DB14657', ' DB00394', ' DB14221', ' DB01410', ' DB15821', ' DB05288', ' DB15777', ' DB14634', ' DB12499', ' DB06781', ' DB14639']"
DB14634,"['DB14634', ' DB14640', ' DB14649', ' DB08970', ' DB06781', ' DB14637', ' DB14657', ' DB14664', ' DB01013', ' DB00443', ' DB01234', ' DB11522', ' DB13491', ' DB15566', ' DB00620', ' DB00324', ' DB14632', ' DB11487', ' DB15999', ' DB00288', ' DB14643', ' DB14633', ' DB14644', ' DB00547', ' DB15777', ' DB15821', ' DB00223', ' DB00663', ' DB12553', ' DB01047']"
DB14637,"['DB14637', ' DB14657', ' DB15777', ' DB15821', ' DB06781', ' DB14664', ' DB14640', ' DB14649', ' DB01384', ' DB09378', ' DB14652', ' DB15566', ' DB14634', ' DB14662', ' DB08971', ' DB14653', ' DB14632', ' DB15999', ' DB13223', ' DB00223', ' DB00663', ' DB14633', ' DB14644', ' DB00180', ' DB12553', ' DB14643', ' DB09095', ' DB01047', ' DB18738', ' DB00591']"
DB14639,"['DB14639', ' DB00894', ' DB08804', ' DB13943', ' DB13944', ' DB13946', ' DB16001', ' DB16002', ' DB16141', ' DB01395', ' DB01420', ' DB15999', ' DB14643', ' DB14632', ' DB08308', ' DB08619', ' DB13958', ' DB15566', ' DB14633', ' DB14644', ' DB14625', ' DB14646', ' DB14678', ' DB06789', ' DB14677', ' DB13185', ' DB00873', ' DB01541', ' DB13586', ' DB13484']"
DB14642,"['DB14642', ' DB00067', ' DB00035', ' DB13798', ' DB12495', ' DB09059', ' DB15195', ' DB08890', ' DB06283', ' DB05034', ' DB01278', ' DB01282', ' DB08861', ' DB04894', ' DB09099', ' DB12088', ' DB17352', ' DB01883', ' DB15231', ' DB06791', ' DB15355', ' DB05724']"
DB14643,"['DB14643', ' DB14632', ' DB15999', ' DB14633', ' DB14644', ' DB15566', ' DB01130', ' DB14538', ' DB14543', ' DB00394', ' DB14540', ' DB14221', ' DB14544', ' DB14625', ' DB14646', ' DB14640', ' DB14649', ' DB14541', ' DB01410', ' DB14545', ' DB14539', ' DB14637', ' DB14657', ' DB06781', ' DB12499', ' DB15777', ' DB14639', ' DB14634', ' DB05288', ' DB15821']"
DB14644,"['DB14633', ' DB14644', ' DB14632', ' DB15999', ' DB15566', ' DB14643', ' DB14545', ' DB14625', ' DB14646', ' DB01130', ' DB14541', ' DB14543', ' DB14640', ' DB14649', ' DB14540', ' DB14538', ' DB14544', ' DB14539', ' DB14637', ' DB14657', ' DB00394', ' DB14221', ' DB01410', ' DB15821', ' DB05288', ' DB15777', ' DB14634', ' DB12499', ' DB06781', ' DB14639']"
DB14646,"['DB14625', ' DB14646', ' DB15566', ' DB01380', ' DB14632', ' DB15999', ' DB14633', ' DB14644', ' DB14643', ' DB05288', ' DB00635', ' DB09383', ' DB12952', ' DB12499', ' DB14640', ' DB14649', ' DB14639', ' DB14539', ' DB14637', ' DB14657', ' DB00603', ' DB11440', ' DB14541', ' DB14545', ' DB01130', ' DB01134', ' DB06780', ' DB06789', ' DB14677', ' DB14634']"
DB14649,"['DB14640', ' DB14649', ' DB14634', ' DB06781', ' DB14637', ' DB14657', ' DB14664', ' DB00443', ' DB01234', ' DB11522', ' DB13491', ' DB15566', ' DB01013', ' DB00324', ' DB00620', ' DB14632', ' DB15999', ' DB11487', ' DB14643', ' DB14633', ' DB14644', ' DB00547', ' DB08970', ' DB00288', ' DB15777', ' DB15821', ' DB00223', ' DB00663', ' DB12553', ' DB11750']"
DB14652,"['DB14652', ' DB14653', ' DB00838', ' DB15777', ' DB15821', ' DB14637', ' DB14657', ' DB14664', ' DB00394', ' DB14221', ' DB13856', ' DB06781', ' DB08971', ' DB13223', ' DB01013', ' DB00596', ' DB14662', ' DB01384', ' DB09378', ' DB14640', ' DB14649', ' DB08973', ' DB09095', ' DB14634', ' DB00764', ' DB00180', ' DB15566', ' DB00223', ' DB00663', ' DB12553']"
DB14653,"['DB14653', ' DB14652', ' DB15821', ' DB00838', ' DB15777', ' DB14637', ' DB14657', ' DB14664', ' DB00394', ' DB14221', ' DB06781', ' DB13856', ' DB13223', ' DB01013', ' DB08971', ' DB14662', ' DB00596', ' DB08973', ' DB01384', ' DB09378', ' DB15999', ' DB14640', ' DB14649', ' DB14632', ' DB12322', ' DB18738', ' DB09095', ' DB14643', ' DB14633', ' DB14644']"
DB14655,"['DB14655', ' DB13951', ' DB08510', ' DB00621', ' DB14665', ' DB06581']"
DB14660,"['DB14660', ' DB02998', ' DB06870', ' DB11372', ' DB11551', ' DB00351', ' DB13981', ' DB12221', ' DB14659', ' DB11619', ' DB13563', ' DB09123']"
DB14662,"['DB14662', ' DB00180', ' DB01047', ' DB18737', ' DB00591', ' DB14673', ' DB00288', ' DB01410', ' DB00846', ' DB14637', ' DB14657', ' DB01260', ' DB08973', ' DB01222', ' DB06781', ' DB15777', ' DB15821', ' DB01130', ' DB14664', ' DB15835', ' DB06786', ' DB14652', ' DB14653', ' DB14640', ' DB14649', ' DB12322', ' DB14634', ' DB14643', ' DB12553', ' DB01384']"
DB14664,"['DB14664', ' DB15777', ' DB06781', ' DB15821', ' DB14637', ' DB14657', ' DB09095', ' DB14640', ' DB14649', ' DB00223', ' DB00663', ' DB12553', ' DB12322', ' DB01013', ' DB14634', ' DB18737', ' DB14653', ' DB00596', ' DB14652', ' DB01047', ' DB00588', ' DB08971', ' DB00591', ' DB13223', ' DB01384', ' DB09378', ' DB13728', ' DB13867', ' DB00324', ' DB00547']"
DB14669,"['DB14669', ' DB14631', ' DB00443', ' DB01234', ' DB11522', ' DB13491', ' DB00620', ' DB00324', ' DB08970', ' DB00547', ' DB00223', ' DB00663', ' DB12553', ' DB11750', ' DB09095', ' DB14542', ' DB14640', ' DB14649', ' DB13728', ' DB00596', ' DB01384', ' DB09378', ' DB14634']"
DB14681,"['DB14681', ' DB13230', ' DB14570', ' DB13710', ' DB18000', ' DB00624', ' DB01471', ' DB01543', ' DB01564', ' DB05830', ' DB06710', ' DB07768', ' DB11429', ' DB12787', ' DB13169', ' DB13533', ' DB14093', ' DB04630', ' DB14584', ' DB00741', ' DB04652', ' DB00635', ' DB09383', ' DB12952', ' DB00253', ' DB01380', ' DB01485', ' DB01500', ' DB01540', ' DB00367']"
DB14703,"['DB14703', ' DB05340', ' DB11487', ' DB14640', ' DB14649']"
DB14737,"['DB14737', ' DB14736']"
DB14752,"['DB00852', ' DB01364', ' DB14752', ' DB11278', ' DB11587', ' DB00397', ' DB01486', ' DB11610', ' DB00867', ' DB01577', ' DB09571', ' DB15902']"
DB14754,"['DB14754', ' DB13354']"
DB14823,['DB14823']
DB14923,"['DB14923', ' DB12643']"
DB15133,['DB15133']
DB15198,"['DB00333', ' DB13515', ' DB15198', ' DB01491', ' DB11609', ' DB15597', ' DB13436', ' DB13361', ' DB01498']"
DB15205,['DB15205']
DB15339,"['DB15339', ' DB13108', ' DB00937', ' DB01560', ' DB01577', ' DB09571', ' DB01365', ' DB13285']"
DB15429,"['DB15429', ' DB03517']"
DB15566,"['DB15566', ' DB14632', ' DB15999', ' DB14633', ' DB14644', ' DB14643', ' DB14625', ' DB14646', ' DB14539', ' DB14640', ' DB14649', ' DB14637', ' DB14657', ' DB14541', ' DB05288', ' DB01130', ' DB14545', ' DB14538', ' DB14634', ' DB00860', ' DB00959', ' DB14543', ' DB14540', ' DB00394', ' DB14544', ' DB14221', ' DB15777', ' DB01410', ' DB15821', ' DB12499']"
DB15610,['DB15610']
DB15641,"['DB15641', ' DB00675', ' DB04468', ' DB00539']"
DB15642,['DB15642']
DB15760,"['DB15760', ' DB11309', ' DB14546', ' DB00653', ' DB06778', ' DB09322', ' DB09472', ' DB11150', ' DB11171', ' DB11239', ' DB13257', ' DB14180', ' DB14499', ' DB14530', ' DB15533', ' DB08938', ' DB09087', ' DB14015']"
DB15777,"['DB15777', ' DB15821', ' DB14664', ' DB14637', ' DB14657', ' DB14653', ' DB06781', ' DB14652', ' DB08971', ' DB13223', ' DB01384', ' DB09378', ' DB14640', ' DB14649', ' DB09095', ' DB14632', ' DB15999', ' DB14662', ' DB00223', ' DB00663', ' DB14643', ' DB14633', ' DB14644', ' DB15566', ' DB01013', ' DB12322', ' DB12553', ' DB00180', ' DB14634', ' DB00838']"
DB15821,"['DB15821', ' DB15777', ' DB14637', ' DB14657', ' DB14664', ' DB14653', ' DB13223', ' DB06781', ' DB14652', ' DB08971', ' DB01384', ' DB09378', ' DB15999', ' DB14632', ' DB14640', ' DB14649', ' DB09095', ' DB14633', ' DB14644', ' DB00223', ' DB00663', ' DB12322', ' DB14662', ' DB15566', ' DB12553', ' DB14643', ' DB14634', ' DB01013', ' DB00180', ' DB00838']"
DB15835,"['DB15835', ' DB01260', ' DB01222', ' DB01410', ' DB00180', ' DB14662', ' DB00591', ' DB14631', ' DB00288', ' DB01047', ' DB01130', ' DB18738']"
DB15861,"['DB15861', ' DB13430', ' DB13532', ' DB00606', ' DB01021', ' DB08645', ' DB00232', ' DB13989', ' DB00999', ' DB01324', ' DB08303', ' DB00436']"
DB15954,"['DB15954', ' DB13648']"
DB15959,"['DB15959', ' DB13792']"
DB15970,"['DB15970', ' DB00635', ' DB09383', ' DB12952', ' DB13158', ' DB14625', ' DB14646', ' DB00240']"
DB15984,"['DB15984', ' DB13958', ' DB01420', ' DB08804', ' DB13943', ' DB13944', ' DB13946', ' DB16001', ' DB16002', ' DB16141', ' DB00603', ' DB11440', ' DB01521', ' DB08308', ' DB08619', ' DB01395', ' DB06789', ' DB14677', ' DB13185', ' DB13640', ' DB12499', ' DB14583', ' DB14678', ' DB06780', ' DB01134', ' DB02329', ' DB14539', ' DB08547', ' DB15903', ' DB14540']"
DB15988,['DB15988']
DB15999,"['DB15999', ' DB14632', ' DB14633', ' DB14644', ' DB15566', ' DB14643', ' DB14541', ' DB14625', ' DB14646', ' DB14545', ' DB01130', ' DB14640', ' DB14649', ' DB14544', ' DB14543', ' DB14540', ' DB14539', ' DB14637', ' DB14657', ' DB14538', ' DB00394', ' DB15821', ' DB14221', ' DB05288', ' DB15777', ' DB01410', ' DB14634', ' DB12499', ' DB14639', ' DB00860']"
DB16001,"['DB08804', ' DB13943', ' DB13944', ' DB13946', ' DB16001', ' DB16002', ' DB16141', ' DB01420', ' DB13958', ' DB08308', ' DB08619', ' DB01395', ' DB06789', ' DB14677', ' DB13185', ' DB14678', ' DB13640', ' DB00603', ' DB11440', ' DB02329', ' DB12499', ' DB08547', ' DB01134', ' DB15984', ' DB14544', ' DB06780', ' DB14540', ' DB14583', ' DB14639', ' DB14543']"
DB16002,"['DB08804', ' DB13943', ' DB13944', ' DB13946', ' DB16001', ' DB16002', ' DB16141', ' DB01420', ' DB13958', ' DB08308', ' DB08619', ' DB01395', ' DB06789', ' DB14677', ' DB13185', ' DB14678', ' DB13640', ' DB00603', ' DB11440', ' DB02329', ' DB12499', ' DB08547', ' DB01134', ' DB15984', ' DB14544', ' DB06780', ' DB14540', ' DB14583', ' DB14639', ' DB14543']"
DB16003,"['DB00984', ' DB16003', ' DB08804', ' DB13943', ' DB13944', ' DB13946', ' DB16001', ' DB16002', ' DB16141', ' DB01420', ' DB08308', ' DB08619', ' DB13958', ' DB01395', ' DB14678', ' DB06789', ' DB14677', ' DB12499', ' DB00603', ' DB11440', ' DB13185', ' DB02329', ' DB13640', ' DB08547', ' DB01134', ' DB14540', ' DB14544', ' DB15984', ' DB14543']"
DB16117,"['DB16117', ' DB15341', ' DB16072', ' DB00921', ' DB01450', ' DB01548', ' DB01538', ' DB01551', ' DB01565', ' DB01469', ' DB14146', ' DB01512', ' DB00844', ' DB09049', ' DB01480', ' DB01497', ' DB01452', ' DB00497', ' DB01466', ' DB01573', ' DB00704', ' DB01192', ' DB06800', ' DB01531', ' DB00318', ' DB00956', ' DB01477', ' DB06230', ' DB00295', ' DB00327']"
DB16136,"['DB06706', ' DB16136']"
DB16141,"['DB08804', ' DB13943', ' DB13944', ' DB13946', ' DB16001', ' DB16002', ' DB16141', ' DB01420', ' DB13958', ' DB08308', ' DB08619', ' DB01395', ' DB06789', ' DB14677', ' DB13185', ' DB14678', ' DB13640', ' DB00603', ' DB11440', ' DB02329', ' DB12499', ' DB08547', ' DB01134', ' DB15984', ' DB14544', ' DB06780', ' DB14540', ' DB14583', ' DB14639', ' DB14543']"
DB16165,['DB16165']
DB16279,['DB16279']
DB16625,"['DB16625', ' DB14626', ' DB02092', ' DB18113', ' DB05263', ' DB08804', ' DB13943', ' DB13944', ' DB13946', ' DB16001', ' DB16002', ' DB16141', ' DB02329', ' DB13640', ' DB06789', ' DB14677', ' DB01420', ' DB08308', ' DB08619', ' DB13185', ' DB01395', ' DB01708', ' DB13958', ' DB03785', ' DB14714']"
DB16629,['DB16629']
DB16702,['DB16702']
DB16741,"['DB16741', ' DB00188']"
DB16826,['DB16826']
DB16888,['DB16888']
DB16927,"['DB00714', ' DB16927', ' DB17202']"
DB17202,"['DB17202', ' DB00714', ' DB16927']"
DB17692,['DB17692']
DB18059,['DB18059']
DB18214,['DB18214']
DB18409,['DB18409']
DB18632,['DB18632']
